insert into athlete(Id, Name, Gender) values (16, 'Danny', 'M');
insert into athlete(Id, Name, Gender) values (17, 'Olly', 'M');
insert into athlete(Id, Name, Gender) values (18, 'Stu', 'M');
insert into athlete(Id, Name, Gender) values (19, 'JulesT', 'M');
insert into athlete(Id, Name, Gender) values (20, 'toddler', 'M');
insert into athlete(Id, Name, Gender) values (21, 'Lancs', 'M');
insert into athlete(Id, Name, Gender) values (22, 'Rocket', 'M');
insert into athlete(Id, Name, Gender) values (23, 'George', 'M');
insert into athlete(Id, Name, Gender) values (24, 'MattN', 'M');
insert into athlete(Id, Name, Gender) values (25, 'Harry', 'M');
insert into athlete(Id, Name, Gender) values (26, 'Graham', 'M');
insert into athlete(Id, Name, Gender) values (27, 'Emma', 'M');
insert into athlete(Id, Name, Gender) values (28, 'MarkP', 'M');
insert into athlete(Id, Name, Gender) values (29, 'Jane', 'M');
insert into athlete(Id, Name, Gender) values (30, 'ausrwr', 'M');
insert into athlete(Id, Name, Gender) values (31, 'Elchem', 'M');
insert into athlete(Id, Name, Gender) values (32, 'jvb', 'M');
insert into athlete(Id, Name, Gender) values (33, 'Hannah', 'M');
insert into athlete(Id, Name, Gender) values (34, 'LilSis', 'M');
insert into athlete(Id, Name, Gender) values (35, 'MikeVB', 'M');
insert into athlete(Id, Name, Gender) values (36, 'JudyT', 'M');
insert into athlete(Id, Name, Gender) values (37, 'Matteo', 'M');
insert into athlete(Id, Name, Gender) values (38, 'ASH', 'M');
insert into athlete(Id, Name, Gender) values (39, 'SteveV', 'M');
insert into athlete(Id, Name, Gender) values (40, 'Damon', 'M');
insert into athlete(Id, Name, Gender) values (41, 'Hewitt', 'M');
insert into athlete(Id, Name, Gender) values (42, 'Claire', 'M');
insert into athlete(Id, Name, Gender) values (43, 'Fiona', 'M');
insert into athlete(Id, Name, Gender) values (44, 'Gittus', 'M');
insert into athlete(Id, Name, Gender) values (45, 'JohnVB', 'M');
insert into athlete(Id, Name, Gender) values (46, 'Phil', 'M');
insert into athlete(Id, Name, Gender) values (47, 'MaryVB', 'M');
insert into challenge(Id, Name, Month, Year, Type, Description, Distance, Time) values (39, '30 minutes @ 20 spm', 12, 2008, 'T', '30 minutes @ 20 spm', NULL, 1800);
insert into attempt(AthleteId, ChallengeId, Distance, SPM, Time, Weight) values (16, 39, 8714, 20, 1800, 'H');
insert into attempt(AthleteId, ChallengeId, Distance, SPM, Time, Weight) values (11, 39, 8531, 20, 1800, 'H');
insert into attempt(AthleteId, ChallengeId, Distance, SPM, Time, Weight) values (17, 39, 8327, 20, 1800, 'H');
insert into attempt(AthleteId, ChallengeId, Distance, SPM, Time, Weight) values (18, 39, 8286, 20, 1800, 'H');
insert into attempt(AthleteId, ChallengeId, Distance, SPM, Time, Weight) values (1, 39, 8244, 20, 1800, 'H');
insert into attempt(AthleteId, ChallengeId, Distance, SPM, Time, Weight) values (6, 39, 8232, 20, 1800, 'H');
insert into attempt(AthleteId, ChallengeId, Distance, SPM, Time, Weight) values (19, 39, 8187, 20, 1800, 'H');
insert into attempt(AthleteId, ChallengeId, Distance, SPM, Time, Weight) values (12, 39, 8186, 18, 1800, 'H');
insert into attempt(AthleteId, ChallengeId, Distance, SPM, Time, Weight) values (4, 39, 8136, 20, 1800, 'H');
insert into attempt(AthleteId, ChallengeId, Distance, SPM, Time, Weight) values (7, 39, 8044, 20, 1800, 'H');
insert into attempt(AthleteId, ChallengeId, Distance, SPM, Time, Weight) values (20, 39, 7974, 20, 1800, 'H');
insert into attempt(AthleteId, ChallengeId, Distance, SPM, Time, Weight) values (21, 39, 7910, 20, 1800, 'H');
insert into attempt(AthleteId, ChallengeId, Distance, SPM, Time, Weight) values (15, 39, 7909, 20, 1800, 'H');
insert into attempt(AthleteId, ChallengeId, Distance, SPM, Time, Weight) values (22, 39, 7903, 20, 1800, 'H');
insert into attempt(AthleteId, ChallengeId, Distance, SPM, Time, Weight) values (23, 39, 7772, 20, 1800, 'H');
insert into attempt(AthleteId, ChallengeId, Distance, SPM, Time, Weight) values (5, 39, 7699, 19, 1800, 'H');
insert into attempt(AthleteId, ChallengeId, Distance, SPM, Time, Weight) values (24, 39, 7698, 20, 1800, 'H');
insert into attempt(AthleteId, ChallengeId, Distance, SPM, Time, Weight) values (25, 39, 7607, 20, 1800, 'H');
insert into attempt(AthleteId, ChallengeId, Distance, SPM, Time, Weight) values (13, 39, 7563, 19, 1800, 'H');
insert into attempt(AthleteId, ChallengeId, Distance, SPM, Time, Weight) values (26, 39, 7542, 20, 1800, 'H');
insert into attempt(AthleteId, ChallengeId, Distance, SPM, Time, Weight) values (27, 39, 7175, 20, 1800, 'H');
insert into attempt(AthleteId, ChallengeId, Distance, SPM, Time, Weight) values (2, 39, 6728, 20, 1800, 'H');
insert into attempt(AthleteId, ChallengeId, Distance, SPM, Time, Weight) values (28, 39, 6720, 20, 1800, 'H');
insert into attempt(AthleteId, ChallengeId, Distance, SPM, Time, Weight) values (9, 39, 6667, 20, 1800, 'H');
insert into attempt(AthleteId, ChallengeId, Distance, SPM, Time, Weight) values (29, 39, 6438, 20, 1800, 'H');
insert into challenge(Id, Name, Month, Year, Type, Description, Distance, Time) values (40, '4 &times 1000 m, 5'' rest', 1, 2009, 'D', '4 &times 1000 m, 5'' rest', 1000, NULL);
insert into attempt(AthleteId, ChallengeId, Distance, SPM, Time, Weight) values (30, 40, 1000, 30, 738.0, 'H');
insert into attempt(AthleteId, ChallengeId, Distance, SPM, Time, Weight) values (11, 40, 1000, 29, 774.8, 'H');
insert into attempt(AthleteId, ChallengeId, Distance, SPM, Time, Weight) values (18, 40, 1000, 33, 780.7, 'H');
insert into attempt(AthleteId, ChallengeId, Distance, SPM, Time, Weight) values (19, 40, 1000, 27, 781.6, 'H');
insert into attempt(AthleteId, ChallengeId, Distance, SPM, Time, Weight) values (1, 40, 1000, 32, 784.8, 'H');
insert into attempt(AthleteId, ChallengeId, Distance, SPM, Time, Weight) values (4, 40, 1000, 30, 792.3, 'H');
insert into attempt(AthleteId, ChallengeId, Distance, SPM, Time, Weight) values (22, 40, 1000, 33, 810.6, 'H');
insert into attempt(AthleteId, ChallengeId, Distance, SPM, Time, Weight) values (20, 40, 1000, 29, 819.8, 'H');
insert into attempt(AthleteId, ChallengeId, Distance, SPM, Time, Weight) values (5, 40, 1000, 29, 833.1, 'H');
insert into attempt(AthleteId, ChallengeId, Distance, SPM, Time, Weight) values (15, 40, 1000, 26, 836.4, 'H');
insert into attempt(AthleteId, ChallengeId, Distance, SPM, Time, Weight) values (24, 40, 1000, 32, 843.4, 'H');
insert into attempt(AthleteId, ChallengeId, Distance, SPM, Time, Weight) values (26, 40, 1000, 31, 857.8, 'H');
insert into attempt(AthleteId, ChallengeId, Distance, SPM, Time, Weight) values (31, 40, 1000, 26, 864.8, 'H');
insert into attempt(AthleteId, ChallengeId, Distance, SPM, Time, Weight) values (13, 40, 1000, 27, 899.5, 'H');
insert into attempt(AthleteId, ChallengeId, Distance, SPM, Time, Weight) values (32, 40, 1000, 30, 902.7, 'H');
insert into attempt(AthleteId, ChallengeId, Distance, SPM, Time, Weight) values (27, 40, 1000, 28, 913.6, 'H');
insert into attempt(AthleteId, ChallengeId, Distance, SPM, Time, Weight) values (33, 40, 1000, 29, 920.4, 'H');
insert into attempt(AthleteId, ChallengeId, Distance, SPM, Time, Weight) values (2, 40, 1000, 30, 923.1, 'H');
insert into attempt(AthleteId, ChallengeId, Distance, SPM, Time, Weight) values (34, 40, 1000, 29, 944.0, 'H');
insert into attempt(AthleteId, ChallengeId, Distance, SPM, Time, Weight) values (28, 40, 1000, 28, 958.3, 'H');
insert into attempt(AthleteId, ChallengeId, Distance, SPM, Time, Weight) values (9, 40, 1000, 28, 980.9, 'H');
insert into attempt(AthleteId, ChallengeId, Distance, SPM, Time, Weight) values (29, 40, 1000, 29, 1023.0, 'H');
insert into challenge(Id, Name, Month, Year, Type, Description, Distance, Time) values (41, '2000 m', 2, 2009, 'D', '2000 m', 2000, NULL);
insert into attempt(AthleteId, ChallengeId, Distance, SPM, Time, Weight) values (4, 41, 2000, 34, 387.3, 'H');
insert into attempt(AthleteId, ChallengeId, Distance, SPM, Time, Weight) values (19, 41, 2000, 29, 387.5, 'H');
insert into attempt(AthleteId, ChallengeId, Distance, SPM, Time, Weight) values (12, 41, 2000, 31, 387.5, 'H');
insert into attempt(AthleteId, ChallengeId, Distance, SPM, Time, Weight) values (18, 41, 2000, 33, 389.9, 'H');
insert into attempt(AthleteId, ChallengeId, Distance, SPM, Time, Weight) values (1, 41, 2000, 32, 395.8, 'H');
insert into attempt(AthleteId, ChallengeId, Distance, SPM, Time, Weight) values (20, 41, 2000, 30, 401.7, 'H');
insert into attempt(AthleteId, ChallengeId, Distance, SPM, Time, Weight) values (22, 41, 2000, 34, 403.8, 'H');
insert into attempt(AthleteId, ChallengeId, Distance, SPM, Time, Weight) values (11, 41, 2000, 23, 404.2, 'H');
insert into attempt(AthleteId, ChallengeId, Distance, SPM, Time, Weight) values (35, 41, 2000, 34, 410.0, 'H');
insert into attempt(AthleteId, ChallengeId, Distance, SPM, Time, Weight) values (15, 41, 2000, 28, 415.9, 'H');
insert into attempt(AthleteId, ChallengeId, Distance, SPM, Time, Weight) values (7, 41, 2000, 30, 417.4, 'H');
insert into attempt(AthleteId, ChallengeId, Distance, SPM, Time, Weight) values (23, 41, 2000, 28, 424.9, 'H');
insert into attempt(AthleteId, ChallengeId, Distance, SPM, Time, Weight) values (24, 41, 2000, 31, 426.4, 'H');
insert into attempt(AthleteId, ChallengeId, Distance, SPM, Time, Weight) values (5, 41, 2000, 26, 435.5, 'H');
insert into attempt(AthleteId, ChallengeId, Distance, SPM, Time, Weight) values (13, 41, 2000, 28, 436.0, 'H');
insert into attempt(AthleteId, ChallengeId, Distance, SPM, Time, Weight) values (6, 41, 2000, 20, 441.8, 'H');
insert into attempt(AthleteId, ChallengeId, Distance, SPM, Time, Weight) values (27, 41, 2000, 27, 448.0, 'H');
insert into attempt(AthleteId, ChallengeId, Distance, SPM, Time, Weight) values (30, 41, 2000, 19, 449.3, 'H');
insert into attempt(AthleteId, ChallengeId, Distance, SPM, Time, Weight) values (33, 41, 2000, 27, 451.6, 'H');
insert into attempt(AthleteId, ChallengeId, Distance, SPM, Time, Weight) values (2, 41, 2000, 32, 460.2, 'H');
insert into attempt(AthleteId, ChallengeId, Distance, SPM, Time, Weight) values (9, 41, 2000, 27, 492.2, 'H');
insert into attempt(AthleteId, ChallengeId, Distance, SPM, Time, Weight) values (28, 41, 2000, 28, 505.8, 'H');
insert into attempt(AthleteId, ChallengeId, Distance, SPM, Time, Weight) values (36, 41, 2000, 27, 509.8, 'H');
insert into attempt(AthleteId, ChallengeId, Distance, SPM, Time, Weight) values (29, 41, 2000, 29, 513.2, 'H');
insert into challenge(Id, Name, Month, Year, Type, Description, Distance, Time) values (42, '1000 m', 3, 2009, 'D', '1000 m', 1000, NULL);
insert into attempt(AthleteId, ChallengeId, Distance, SPM, Time, Weight) values (37, 42, 1000, 33, 175.0, 'H');
insert into attempt(AthleteId, ChallengeId, Distance, SPM, Time, Weight) values (30, 42, 1000, 36, 175.2, 'H');
insert into attempt(AthleteId, ChallengeId, Distance, SPM, Time, Weight) values (17, 42, 1000, 34, 177.6, 'H');
insert into attempt(AthleteId, ChallengeId, Distance, SPM, Time, Weight) values (19, 42, 1000, 30, 187.0, 'H');
insert into attempt(AthleteId, ChallengeId, Distance, SPM, Time, Weight) values (20, 42, 1000, 33, 188.1, 'H');
insert into attempt(AthleteId, ChallengeId, Distance, SPM, Time, Weight) values (18, 42, 1000, 38, 189.5, 'H');
insert into attempt(AthleteId, ChallengeId, Distance, SPM, Time, Weight) values (12, 42, 1000, 25, 189.9, 'H');
insert into attempt(AthleteId, ChallengeId, Distance, SPM, Time, Weight) values (4, 42, 1000, 34, 190.2, 'H');
insert into attempt(AthleteId, ChallengeId, Distance, SPM, Time, Weight) values (11, 42, 1000, 28, 192.0, 'H');
insert into attempt(AthleteId, ChallengeId, Distance, SPM, Time, Weight) values (7, 42, 1000, 34, 193.1, 'H');
insert into attempt(AthleteId, ChallengeId, Distance, SPM, Time, Weight) values (1, 42, 1000, 31, 195.8, 'H');
insert into attempt(AthleteId, ChallengeId, Distance, SPM, Time, Weight) values (13, 42, 1000, 34, 196.7, 'H');
insert into attempt(AthleteId, ChallengeId, Distance, SPM, Time, Weight) values (5, 42, 1000, 30, 197.1, 'H');
insert into attempt(AthleteId, ChallengeId, Distance, SPM, Time, Weight) values (15, 42, 1000, 32, 198.7, 'H');
insert into attempt(AthleteId, ChallengeId, Distance, SPM, Time, Weight) values (24, 42, 1000, 34, 202.6, 'H');
insert into attempt(AthleteId, ChallengeId, Distance, SPM, Time, Weight) values (27, 42, 1000, 31, 210.1, 'H');
insert into attempt(AthleteId, ChallengeId, Distance, SPM, Time, Weight) values (33, 42, 1000, 31, 212.1, 'H');
insert into attempt(AthleteId, ChallengeId, Distance, SPM, Time, Weight) values (2, 42, 1000, 31, 227.9, 'H');
insert into attempt(AthleteId, ChallengeId, Distance, SPM, Time, Weight) values (9, 42, 1000, 28, 233.6, 'H');
insert into attempt(AthleteId, ChallengeId, Distance, SPM, Time, Weight) values (36, 42, 1000, 29, 237.6, 'H');
insert into attempt(AthleteId, ChallengeId, Distance, SPM, Time, Weight) values (29, 42, 1000, 30, 253.7, 'H');
insert into attempt(AthleteId, ChallengeId, Distance, SPM, Time, Weight) values (6, 42, 1000, 20, 275.7, 'H');
insert into challenge(Id, Name, Month, Year, Type, Description, Distance, Time) values (43, '6000 m', 4, 2009, 'D', '6000 m', 6000, NULL);
insert into attempt(AthleteId, ChallengeId, Distance, SPM, Time, Weight) values (17, 43, 6000, 27, 1206.3, 'H');
insert into attempt(AthleteId, ChallengeId, Distance, SPM, Time, Weight) values (18, 43, 6000, 29, 1233.2, 'H');
insert into attempt(AthleteId, ChallengeId, Distance, SPM, Time, Weight) values (16, 43, 6000, 25, 1233.2, 'H');
insert into attempt(AthleteId, ChallengeId, Distance, SPM, Time, Weight) values (4, 43, 6000, 27, 1245.8, 'H');
insert into attempt(AthleteId, ChallengeId, Distance, SPM, Time, Weight) values (1, 43, 6000, 27, 1268.4, 'H');
insert into attempt(AthleteId, ChallengeId, Distance, SPM, Time, Weight) values (6, 43, 6000, 24, 1269.8, 'H');
insert into attempt(AthleteId, ChallengeId, Distance, SPM, Time, Weight) values (19, 43, 6000, 22, 1271.9, 'H');
insert into attempt(AthleteId, ChallengeId, Distance, SPM, Time, Weight) values (30, 43, 6000, 18, 1282.9, 'H');
insert into attempt(AthleteId, ChallengeId, Distance, SPM, Time, Weight) values (38, 43, 6000, 26, 1284.3, 'H');
insert into attempt(AthleteId, ChallengeId, Distance, SPM, Time, Weight) values (15, 43, 6000, 27, 1300.8, 'H');
insert into attempt(AthleteId, ChallengeId, Distance, SPM, Time, Weight) values (31, 43, 6000, 0, 1323.6, 'H');
insert into attempt(AthleteId, ChallengeId, Distance, SPM, Time, Weight) values (24, 43, 6000, 29, 1324.3, 'H');
insert into attempt(AthleteId, ChallengeId, Distance, SPM, Time, Weight) values (13, 43, 6000, 26, 1355.0, 'H');
insert into attempt(AthleteId, ChallengeId, Distance, SPM, Time, Weight) values (5, 43, 6000, 24, 1370.2, 'H');
insert into attempt(AthleteId, ChallengeId, Distance, SPM, Time, Weight) values (7, 43, 6000, 24, 1375.2, 'H');
insert into attempt(AthleteId, ChallengeId, Distance, SPM, Time, Weight) values (33, 43, 6000, 28, 1392.1, 'H');
insert into attempt(AthleteId, ChallengeId, Distance, SPM, Time, Weight) values (39, 43, 6000, 22, 1393.6, 'H');
insert into attempt(AthleteId, ChallengeId, Distance, SPM, Time, Weight) values (20, 43, 6000, 21, 1407.3, 'H');
insert into attempt(AthleteId, ChallengeId, Distance, SPM, Time, Weight) values (2, 43, 6000, 27, 1453.4, 'H');
insert into attempt(AthleteId, ChallengeId, Distance, SPM, Time, Weight) values (9, 43, 6000, 25, 1539.0, 'H');
insert into attempt(AthleteId, ChallengeId, Distance, SPM, Time, Weight) values (29, 43, 6000, 0, 1715.4, 'H');
insert into challenge(Id, Name, Month, Year, Type, Description, Distance, Time) values (44, '5000 m', 5, 2009, 'D', '5000 m', 5000, NULL);
insert into attempt(AthleteId, ChallengeId, Distance, SPM, Time, Weight) values (17, 44, 5000, 31, 969.0, 'H');
insert into attempt(AthleteId, ChallengeId, Distance, SPM, Time, Weight) values (16, 44, 5000, 27, 1001.4, 'H');
insert into attempt(AthleteId, ChallengeId, Distance, SPM, Time, Weight) values (30, 44, 5000, 24, 1003.5, 'H');
insert into attempt(AthleteId, ChallengeId, Distance, SPM, Time, Weight) values (18, 44, 5000, 29, 1023.2, 'H');
insert into attempt(AthleteId, ChallengeId, Distance, SPM, Time, Weight) values (4, 44, 5000, 29, 1025.7, 'H');
insert into attempt(AthleteId, ChallengeId, Distance, SPM, Time, Weight) values (1, 44, 5000, 27, 1058.0, 'H');
insert into attempt(AthleteId, ChallengeId, Distance, SPM, Time, Weight) values (19, 44, 5000, 22, 1058.8, 'H');
insert into attempt(AthleteId, ChallengeId, Distance, SPM, Time, Weight) values (38, 44, 5000, 26, 1059.0, 'H');
insert into attempt(AthleteId, ChallengeId, Distance, SPM, Time, Weight) values (7, 44, 5000, 29, 1077.7, 'H');
insert into attempt(AthleteId, ChallengeId, Distance, SPM, Time, Weight) values (15, 44, 5000, 26, 1084.0, 'H');
insert into attempt(AthleteId, ChallengeId, Distance, SPM, Time, Weight) values (24, 44, 5000, 29, 1096.6, 'H');
insert into attempt(AthleteId, ChallengeId, Distance, SPM, Time, Weight) values (13, 44, 5000, 24, 1113.1, 'H');
insert into attempt(AthleteId, ChallengeId, Distance, SPM, Time, Weight) values (23, 44, 5000, 0, 1116.2, 'H');
insert into attempt(AthleteId, ChallengeId, Distance, SPM, Time, Weight) values (6, 44, 5000, 20, 1118.1, 'H');
insert into attempt(AthleteId, ChallengeId, Distance, SPM, Time, Weight) values (20, 44, 5000, 21, 1121.3, 'H');
insert into attempt(AthleteId, ChallengeId, Distance, SPM, Time, Weight) values (5, 44, 5000, 20, 1126.2, 'H');
insert into attempt(AthleteId, ChallengeId, Distance, SPM, Time, Weight) values (33, 44, 5000, 0, 1130.8, 'H');
insert into attempt(AthleteId, ChallengeId, Distance, SPM, Time, Weight) values (26, 44, 5000, 0, 1166.0, 'H');
insert into attempt(AthleteId, ChallengeId, Distance, SPM, Time, Weight) values (27, 44, 5000, 27, 1199.7, 'H');
insert into attempt(AthleteId, ChallengeId, Distance, SPM, Time, Weight) values (40, 44, 5000, 0, 1199.9, 'H');
insert into attempt(AthleteId, ChallengeId, Distance, SPM, Time, Weight) values (2, 44, 5000, 27, 1218.9, 'H');
insert into attempt(AthleteId, ChallengeId, Distance, SPM, Time, Weight) values (9, 44, 5000, 25, 1277.1, 'H');
insert into attempt(AthleteId, ChallengeId, Distance, SPM, Time, Weight) values (36, 44, 5000, 24, 1317.0, 'H');
insert into attempt(AthleteId, ChallengeId, Distance, SPM, Time, Weight) values (12, 44, 5000, 0, 1354.4, 'H');
insert into attempt(AthleteId, ChallengeId, Distance, SPM, Time, Weight) values (29, 44, 5000, 21, 1470.1, 'H');
insert into challenge(Id, Name, Month, Year, Type, Description, Distance, Time) values (45, '10,000 m', 6, 2009, 'D', '10,000 m', 10000, NULL);
insert into attempt(AthleteId, ChallengeId, Distance, SPM, Time, Weight) values (18, 45, 10000, 27, 2096.8, 'H');
insert into attempt(AthleteId, ChallengeId, Distance, SPM, Time, Weight) values (6, 45, 10000, 23, 2126.8, 'H');
insert into attempt(AthleteId, ChallengeId, Distance, SPM, Time, Weight) values (16, 45, 10000, 20, 2138.0, 'H');
insert into attempt(AthleteId, ChallengeId, Distance, SPM, Time, Weight) values (1, 45, 10000, 25, 2160.0, 'H');
insert into attempt(AthleteId, ChallengeId, Distance, SPM, Time, Weight) values (4, 45, 10000, 25, 2179.8, 'H');
insert into attempt(AthleteId, ChallengeId, Distance, SPM, Time, Weight) values (12, 45, 10000, 18, 2246.3, 'H');
insert into attempt(AthleteId, ChallengeId, Distance, SPM, Time, Weight) values (20, 45, 10000, 21, 2277.8, 'H');
insert into attempt(AthleteId, ChallengeId, Distance, SPM, Time, Weight) values (7, 45, 10000, 22, 2277.9, 'H');
insert into attempt(AthleteId, ChallengeId, Distance, SPM, Time, Weight) values (19, 45, 10000, 18, 2299.8, 'H');
insert into attempt(AthleteId, ChallengeId, Distance, SPM, Time, Weight) values (15, 45, 10000, 24, 2299.9, 'H');
insert into attempt(AthleteId, ChallengeId, Distance, SPM, Time, Weight) values (5, 45, 10000, 24, 2308.4, 'H');
insert into attempt(AthleteId, ChallengeId, Distance, SPM, Time, Weight) values (24, 45, 10000, 27, 2317.8, 'H');
insert into attempt(AthleteId, ChallengeId, Distance, SPM, Time, Weight) values (13, 45, 10000, 20, 2426.1, 'H');
insert into attempt(AthleteId, ChallengeId, Distance, SPM, Time, Weight) values (33, 45, 10000, 23, 2452.4, 'H');
insert into attempt(AthleteId, ChallengeId, Distance, SPM, Time, Weight) values (2, 45, 10000, 25, 2486.1, 'H');
insert into attempt(AthleteId, ChallengeId, Distance, SPM, Time, Weight) values (27, 45, 10000, 25, 2589.2, 'H');
insert into attempt(AthleteId, ChallengeId, Distance, SPM, Time, Weight) values (9, 45, 10000, 26, 2680.6, 'H');
insert into attempt(AthleteId, ChallengeId, Distance, SPM, Time, Weight) values (36, 45, 10000, 22, 2773.3, 'H');
insert into challenge(Id, Name, Month, Year, Type, Description, Distance, Time) values (46, '4  750 m, 3'' rest, @ 24/26/28/30 spm', 7, 2009, 'D', '4  750 m, 3'' rest, @ 24/26/28/30 spm', 3000, NULL);
insert into attempt(AthleteId, ChallengeId, Distance, SPM, Time, Weight) values (30, 46, 3000, 27, 549.7, 'H');
insert into attempt(AthleteId, ChallengeId, Distance, SPM, Time, Weight) values (16, 46, 3000, 27, 554.6, 'H');
insert into attempt(AthleteId, ChallengeId, Distance, SPM, Time, Weight) values (12, 46, 3000, 27, 562.8, 'H');
insert into attempt(AthleteId, ChallengeId, Distance, SPM, Time, Weight) values (11, 46, 3000, 27, 563.8, 'H');
insert into attempt(AthleteId, ChallengeId, Distance, SPM, Time, Weight) values (6, 46, 3000, 27, 577.2, 'H');
insert into attempt(AthleteId, ChallengeId, Distance, SPM, Time, Weight) values (19, 46, 3000, 27, 581.8, 'H');
insert into attempt(AthleteId, ChallengeId, Distance, SPM, Time, Weight) values (4, 46, 3000, 27, 582.0, 'H');
insert into attempt(AthleteId, ChallengeId, Distance, SPM, Time, Weight) values (18, 46, 3000, 27, 587.9, 'H');
insert into attempt(AthleteId, ChallengeId, Distance, SPM, Time, Weight) values (5, 46, 3000, 26, 609.1, 'H');
insert into attempt(AthleteId, ChallengeId, Distance, SPM, Time, Weight) values (7, 46, 3000, 27, 612.8, 'H');
insert into attempt(AthleteId, ChallengeId, Distance, SPM, Time, Weight) values (20, 46, 3000, 26, 613.9, 'H');
insert into attempt(AthleteId, ChallengeId, Distance, SPM, Time, Weight) values (1, 46, 3000, 27, 625.5, 'H');
insert into attempt(AthleteId, ChallengeId, Distance, SPM, Time, Weight) values (15, 46, 3000, 26, 627.2, 'H');
insert into attempt(AthleteId, ChallengeId, Distance, SPM, Time, Weight) values (24, 46, 3000, 27, 632.8, 'H');
insert into attempt(AthleteId, ChallengeId, Distance, SPM, Time, Weight) values (13, 46, 3000, 26, 650.1, 'H');
insert into attempt(AthleteId, ChallengeId, Distance, SPM, Time, Weight) values (27, 46, 3000, 26, 676.2, 'H');
insert into attempt(AthleteId, ChallengeId, Distance, SPM, Time, Weight) values (2, 46, 3000, 25, 721.3, 'H');
insert into attempt(AthleteId, ChallengeId, Distance, SPM, Time, Weight) values (36, 46, 3000, 26, 721.5, 'H');
insert into attempt(AthleteId, ChallengeId, Distance, SPM, Time, Weight) values (9, 46, 3000, 26, 733.7, 'H');
insert into challenge(Id, Name, Month, Year, Type, Description, Distance, Time) values (47, '2000 m @ 24 spm', 8, 2009, 'D', '2000 m @ 24 spm', 2000, NULL);
insert into attempt(AthleteId, ChallengeId, Distance, SPM, Time, Weight) values (12, 47, 2000, 24, 389.6, 'H');
insert into attempt(AthleteId, ChallengeId, Distance, SPM, Time, Weight) values (17, 47, 2000, 23, 391.7, 'H');
insert into attempt(AthleteId, ChallengeId, Distance, SPM, Time, Weight) values (4, 47, 2000, 24, 400.0, 'H');
insert into attempt(AthleteId, ChallengeId, Distance, SPM, Time, Weight) values (18, 47, 2000, 24, 401.8, 'H');
insert into attempt(AthleteId, ChallengeId, Distance, SPM, Time, Weight) values (41, 47, 2000, 24, 405.4, 'H');
insert into attempt(AthleteId, ChallengeId, Distance, SPM, Time, Weight) values (19, 47, 2000, 23, 407.3, 'H');
insert into attempt(AthleteId, ChallengeId, Distance, SPM, Time, Weight) values (30, 47, 2000, 18, 409.5, 'H');
insert into attempt(AthleteId, ChallengeId, Distance, SPM, Time, Weight) values (6, 47, 2000, 22, 410.7, 'H');
insert into attempt(AthleteId, ChallengeId, Distance, SPM, Time, Weight) values (20, 47, 2000, 24, 416.5, 'H');
insert into attempt(AthleteId, ChallengeId, Distance, SPM, Time, Weight) values (16, 47, 2000, 24, 416.8, 'H');
insert into attempt(AthleteId, ChallengeId, Distance, SPM, Time, Weight) values (5, 47, 2000, 24, 418.3, 'H');
insert into attempt(AthleteId, ChallengeId, Distance, SPM, Time, Weight) values (7, 47, 2000, 24, 420.7, 'H');
insert into attempt(AthleteId, ChallengeId, Distance, SPM, Time, Weight) values (15, 47, 2000, 24, 424.7, 'H');
insert into attempt(AthleteId, ChallengeId, Distance, SPM, Time, Weight) values (24, 47, 2000, 24, 445.8, 'H');
insert into attempt(AthleteId, ChallengeId, Distance, SPM, Time, Weight) values (1, 47, 2000, 22, 448.7, 'H');
insert into attempt(AthleteId, ChallengeId, Distance, SPM, Time, Weight) values (13, 47, 2000, 23, 455.2, 'H');
insert into attempt(AthleteId, ChallengeId, Distance, SPM, Time, Weight) values (22, 47, 2000, 24, 458.7, 'H');
insert into attempt(AthleteId, ChallengeId, Distance, SPM, Time, Weight) values (33, 47, 2000, 24, 462.6, 'H');
insert into attempt(AthleteId, ChallengeId, Distance, SPM, Time, Weight) values (2, 47, 2000, 23, 496.0, 'H');
insert into attempt(AthleteId, ChallengeId, Distance, SPM, Time, Weight) values (9, 47, 2000, 23, 496.6, 'H');
insert into attempt(AthleteId, ChallengeId, Distance, SPM, Time, Weight) values (36, 47, 2000, 24, 504.1, 'H');
insert into challenge(Id, Name, Month, Year, Type, Description, Distance, Time) values (48, '5000 m', 9, 2009, 'D', '5000 m', 5000, NULL);
insert into attempt(AthleteId, ChallengeId, Distance, SPM, Time, Weight) values (17, 48, 5000, 24, 1015.6, 'H');
insert into attempt(AthleteId, ChallengeId, Distance, SPM, Time, Weight) values (41, 48, 5000, 30, 1020.4, 'H');
insert into attempt(AthleteId, ChallengeId, Distance, SPM, Time, Weight) values (18, 48, 5000, 24, 1038.0, 'H');
insert into attempt(AthleteId, ChallengeId, Distance, SPM, Time, Weight) values (12, 48, 5000, 20, 1040.2, 'H');
insert into attempt(AthleteId, ChallengeId, Distance, SPM, Time, Weight) values (16, 48, 5000, 24, 1045.1, 'H');
insert into attempt(AthleteId, ChallengeId, Distance, SPM, Time, Weight) values (4, 48, 5000, 27, 1046.4, 'H');
insert into attempt(AthleteId, ChallengeId, Distance, SPM, Time, Weight) values (19, 48, 5000, 22, 1049.2, 'H');
insert into attempt(AthleteId, ChallengeId, Distance, SPM, Time, Weight) values (6, 48, 5000, 24, 1049.2, 'H');
insert into attempt(AthleteId, ChallengeId, Distance, SPM, Time, Weight) values (30, 48, 5000, 20, 1050.0, 'H');
insert into attempt(AthleteId, ChallengeId, Distance, SPM, Time, Weight) values (15, 48, 5000, 26, 1092.8, 'H');
insert into attempt(AthleteId, ChallengeId, Distance, SPM, Time, Weight) values (1, 48, 5000, 24, 1099.7, 'H');
insert into attempt(AthleteId, ChallengeId, Distance, SPM, Time, Weight) values (20, 48, 5000, 24, 1102.9, 'H');
insert into attempt(AthleteId, ChallengeId, Distance, SPM, Time, Weight) values (24, 48, 5000, 28, 1117.4, 'H');
insert into attempt(AthleteId, ChallengeId, Distance, SPM, Time, Weight) values (33, 48, 5000, 26, 1136.0, 'H');
insert into attempt(AthleteId, ChallengeId, Distance, SPM, Time, Weight) values (22, 48, 5000, 25, 1157.4, 'H');
insert into attempt(AthleteId, ChallengeId, Distance, SPM, Time, Weight) values (7, 48, 5000, 24, 1164.0, 'H');
insert into attempt(AthleteId, ChallengeId, Distance, SPM, Time, Weight) values (39, 48, 5000, 20, 1172.1, 'H');
insert into attempt(AthleteId, ChallengeId, Distance, SPM, Time, Weight) values (5, 48, 5000, 21, 1193.3, 'H');
insert into attempt(AthleteId, ChallengeId, Distance, SPM, Time, Weight) values (2, 48, 5000, 24, 1260.1, 'H');
insert into attempt(AthleteId, ChallengeId, Distance, SPM, Time, Weight) values (9, 48, 5000, 26, 1267.4, 'H');
insert into attempt(AthleteId, ChallengeId, Distance, SPM, Time, Weight) values (36, 48, 5000, 25, 1318.9, 'H');
insert into challenge(Id, Name, Month, Year, Type, Description, Distance, Time) values (49, '3  1000 m, 3'' rest, @ 28 spm', 10, 2009, 'D', '3  1000 m, 3'' rest, @ 28 spm', 3000, NULL);
insert into attempt(AthleteId, ChallengeId, Distance, SPM, Time, Weight) values (11, 49, 3000, 28, 569.3, 'H');
insert into attempt(AthleteId, ChallengeId, Distance, SPM, Time, Weight) values (30, 49, 3000, 27, 582.0, 'H');
insert into attempt(AthleteId, ChallengeId, Distance, SPM, Time, Weight) values (41, 49, 3000, 28, 586.6, 'H');
insert into attempt(AthleteId, ChallengeId, Distance, SPM, Time, Weight) values (18, 49, 3000, 28, 592.1, 'H');
insert into attempt(AthleteId, ChallengeId, Distance, SPM, Time, Weight) values (12, 49, 3000, 20, 593.4, 'H');
insert into attempt(AthleteId, ChallengeId, Distance, SPM, Time, Weight) values (4, 49, 3000, 28, 595.0, 'H');
insert into attempt(AthleteId, ChallengeId, Distance, SPM, Time, Weight) values (20, 49, 3000, 27, 610.1, 'H');
insert into attempt(AthleteId, ChallengeId, Distance, SPM, Time, Weight) values (1, 49, 3000, 25, 626.2, 'H');
insert into attempt(AthleteId, ChallengeId, Distance, SPM, Time, Weight) values (5, 49, 3000, 27, 626.7, 'H');
insert into attempt(AthleteId, ChallengeId, Distance, SPM, Time, Weight) values (15, 49, 3000, 27, 631.5, 'H');
insert into attempt(AthleteId, ChallengeId, Distance, SPM, Time, Weight) values (24, 49, 3000, 28, 642.0, 'H');
insert into attempt(AthleteId, ChallengeId, Distance, SPM, Time, Weight) values (33, 49, 3000, 30, 657.1, 'H');
insert into attempt(AthleteId, ChallengeId, Distance, SPM, Time, Weight) values (2, 49, 3000, 27, 723.0, 'H');
insert into attempt(AthleteId, ChallengeId, Distance, SPM, Time, Weight) values (9, 49, 3000, 27, 728.6, 'H');
insert into attempt(AthleteId, ChallengeId, Distance, SPM, Time, Weight) values (36, 49, 3000, 27, 743.2, 'H');
insert into challenge(Id, Name, Month, Year, Type, Description, Distance, Time) values (50, 'Rugby Test: 1000 m, 3'' rest; 750 m, 2''30 rest; 500 m, 2'' rest; 750 m', 11, 2009, 'D', 'Rugby Test: 1000 m, 3'' rest; 750 m, 2''30 rest; 500 m, 2'' rest; 750 m', 3000, NULL);
insert into attempt(AthleteId, ChallengeId, Distance, SPM, Time, Weight) values (11, 50, 3000, 33, 592.3, 'H');
insert into attempt(AthleteId, ChallengeId, Distance, SPM, Time, Weight) values (16, 50, 3000, 30, 601.2, 'H');
insert into attempt(AthleteId, ChallengeId, Distance, SPM, Time, Weight) values (4, 50, 3000, 29, 636.4, 'H');
insert into attempt(AthleteId, ChallengeId, Distance, SPM, Time, Weight) values (12, 50, 3000, 20, 636.9, 'H');
insert into attempt(AthleteId, ChallengeId, Distance, SPM, Time, Weight) values (18, 50, 3000, 31, 640.3, 'H');
insert into attempt(AthleteId, ChallengeId, Distance, SPM, Time, Weight) values (20, 50, 3000, 30, 642.9, 'H');
insert into attempt(AthleteId, ChallengeId, Distance, SPM, Time, Weight) values (1, 50, 3000, 29, 656.9, 'H');
insert into attempt(AthleteId, ChallengeId, Distance, SPM, Time, Weight) values (15, 50, 3000, 31, 658.0, 'H');
insert into attempt(AthleteId, ChallengeId, Distance, SPM, Time, Weight) values (7, 50, 3000, 31, 658.6, 'H');
insert into attempt(AthleteId, ChallengeId, Distance, SPM, Time, Weight) values (5, 50, 3000, 29, 663.1, 'H');
insert into attempt(AthleteId, ChallengeId, Distance, SPM, Time, Weight) values (13, 50, 3000, 26, 705.2, 'H');
insert into attempt(AthleteId, ChallengeId, Distance, SPM, Time, Weight) values (2, 50, 3000, 28, 761.8, 'H');
insert into attempt(AthleteId, ChallengeId, Distance, SPM, Time, Weight) values (9, 50, 3000, 27, 796.1, 'H');
insert into challenge(Id, Name, Month, Year, Type, Description, Distance, Time) values (51, '30 minutes', 12, 2009, 'T', '30 minutes', NULL, 1800);
insert into attempt(AthleteId, ChallengeId, Distance, SPM, Time, Weight) values (30, 51, 8770, 20, 1800, 'H');
insert into attempt(AthleteId, ChallengeId, Distance, SPM, Time, Weight) values (41, 51, 8532, 27, 1800, 'H');
insert into attempt(AthleteId, ChallengeId, Distance, SPM, Time, Weight) values (16, 51, 8515, 24, 1800, 'H');
insert into attempt(AthleteId, ChallengeId, Distance, SPM, Time, Weight) values (18, 51, 8419, 26, 1800, 'H');
insert into attempt(AthleteId, ChallengeId, Distance, SPM, Time, Weight) values (1, 51, 8358, 26, 1800, 'H');
insert into attempt(AthleteId, ChallengeId, Distance, SPM, Time, Weight) values (6, 51, 8333, 22, 1800, 'H');
insert into attempt(AthleteId, ChallengeId, Distance, SPM, Time, Weight) values (4, 51, 8312, 25, 1800, 'H');
insert into attempt(AthleteId, ChallengeId, Distance, SPM, Time, Weight) values (15, 51, 8269, 26, 1800, 'H');
insert into attempt(AthleteId, ChallengeId, Distance, SPM, Time, Weight) values (20, 51, 8103, 23, 1800, 'H');
insert into attempt(AthleteId, ChallengeId, Distance, SPM, Time, Weight) values (5, 51, 7863, 24, 1800, 'H');
insert into attempt(AthleteId, ChallengeId, Distance, SPM, Time, Weight) values (7, 51, 7851, 24, 1800, 'H');
insert into attempt(AthleteId, ChallengeId, Distance, SPM, Time, Weight) values (22, 51, 7823, 25, 1800, 'H');
insert into attempt(AthleteId, ChallengeId, Distance, SPM, Time, Weight) values (2, 51, 7240, 25, 1800, 'H');
insert into attempt(AthleteId, ChallengeId, Distance, SPM, Time, Weight) values (9, 51, 6939, 26, 1800, 'H');
insert into challenge(Id, Name, Month, Year, Type, Description, Distance, Time) values (52, '6  500 m, 1'' rest', 1, 2010, 'D', '6  500 m, 1'' rest', 3000, NULL);
insert into attempt(AthleteId, ChallengeId, Distance, SPM, Time, Weight) values (16, 52, 3000, 31, 542.4, 'H');
insert into attempt(AthleteId, ChallengeId, Distance, SPM, Time, Weight) values (11, 52, 3000, 33, 550.0, 'H');
insert into attempt(AthleteId, ChallengeId, Distance, SPM, Time, Weight) values (37, 52, 3000, 25, 552.3, 'H');
insert into attempt(AthleteId, ChallengeId, Distance, SPM, Time, Weight) values (30, 52, 3000, 24, 555.6, 'H');
insert into attempt(AthleteId, ChallengeId, Distance, SPM, Time, Weight) values (12, 52, 3000, 32, 561.4, 'H');
insert into attempt(AthleteId, ChallengeId, Distance, SPM, Time, Weight) values (41, 52, 3000, 30, 565.9, 'H');
insert into attempt(AthleteId, ChallengeId, Distance, SPM, Time, Weight) values (4, 52, 3000, 32, 571.5, 'H');
insert into attempt(AthleteId, ChallengeId, Distance, SPM, Time, Weight) values (18, 52, 3000, 35, 577.6, 'H');
insert into attempt(AthleteId, ChallengeId, Distance, SPM, Time, Weight) values (20, 52, 3000, 29, 595.2, 'H');
insert into attempt(AthleteId, ChallengeId, Distance, SPM, Time, Weight) values (15, 52, 3000, 33, 605.0, 'H');
insert into attempt(AthleteId, ChallengeId, Distance, SPM, Time, Weight) values (1, 52, 3000, 25, 607.6, 'H');
insert into attempt(AthleteId, ChallengeId, Distance, SPM, Time, Weight) values (7, 52, 3000, 30, 610.4, 'H');
insert into attempt(AthleteId, ChallengeId, Distance, SPM, Time, Weight) values (5, 52, 3000, 27, 624.1, 'H');
insert into attempt(AthleteId, ChallengeId, Distance, SPM, Time, Weight) values (13, 52, 3000, 27, 651.2, 'H');
insert into attempt(AthleteId, ChallengeId, Distance, SPM, Time, Weight) values (2, 52, 3000, 31, 689.2, 'H');
insert into attempt(AthleteId, ChallengeId, Distance, SPM, Time, Weight) values (42, 52, 3000, 28, 722.4, 'H');
insert into attempt(AthleteId, ChallengeId, Distance, SPM, Time, Weight) values (9, 52, 3000, 27, 723.5, 'H');
insert into attempt(AthleteId, ChallengeId, Distance, SPM, Time, Weight) values (29, 52, 3000, 28, 798.2, 'H');
insert into challenge(Id, Name, Month, Year, Type, Description, Distance, Time) values (53, '6000 m', 2, 2010, 'D', '6000 m', 6000, NULL);
insert into attempt(AthleteId, ChallengeId, Distance, SPM, Time, Weight) values (37, 53, 6000, 25, 1194.0, 'H');
insert into attempt(AthleteId, ChallengeId, Distance, SPM, Time, Weight) values (16, 53, 6000, 26, 1232.0, 'H');
insert into attempt(AthleteId, ChallengeId, Distance, SPM, Time, Weight) values (41, 53, 6000, 27, 1245.6, 'H');
insert into attempt(AthleteId, ChallengeId, Distance, SPM, Time, Weight) values (4, 53, 6000, 28, 1256.0, 'H');
insert into attempt(AthleteId, ChallengeId, Distance, SPM, Time, Weight) values (18, 53, 6000, 24, 1277.4, 'H');
insert into attempt(AthleteId, ChallengeId, Distance, SPM, Time, Weight) values (1, 53, 6000, 25, 1288.1, 'H');
insert into attempt(AthleteId, ChallengeId, Distance, SPM, Time, Weight) values (6, 53, 6000, 22, 1289.9, 'H');
insert into attempt(AthleteId, ChallengeId, Distance, SPM, Time, Weight) values (15, 53, 6000, 27, 1299.3, 'H');
insert into attempt(AthleteId, ChallengeId, Distance, SPM, Time, Weight) values (20, 53, 6000, 24, 1319.2, 'H');
insert into attempt(AthleteId, ChallengeId, Distance, SPM, Time, Weight) values (7, 53, 6000, 25, 1348.5, 'H');
insert into attempt(AthleteId, ChallengeId, Distance, SPM, Time, Weight) values (5, 53, 6000, 25, 1369.8, 'H');
insert into attempt(AthleteId, ChallengeId, Distance, SPM, Time, Weight) values (27, 53, 6000, 25, 1485.7, 'H');
insert into attempt(AthleteId, ChallengeId, Distance, SPM, Time, Weight) values (2, 53, 6000, 26, 1499.3, 'H');
insert into attempt(AthleteId, ChallengeId, Distance, SPM, Time, Weight) values (9, 53, 6000, 27, 1575.5, 'H');
insert into attempt(AthleteId, ChallengeId, Distance, SPM, Time, Weight) values (29, 53, 6000, 27, 1670.8, 'H');
insert into challenge(Id, Name, Month, Year, Type, Description, Distance, Time) values (54, '21,097 m', 3, 2010, 'D', '21,097 m', 21097, NULL);
insert into attempt(AthleteId, ChallengeId, Distance, SPM, Time, Weight) values (16, 54, 21097, 24, 4421.9, 'H');
insert into attempt(AthleteId, ChallengeId, Distance, SPM, Time, Weight) values (18, 54, 21097, 25, 4555.3, 'H');
insert into attempt(AthleteId, ChallengeId, Distance, SPM, Time, Weight) values (1, 54, 21097, 23, 4739.7, 'H');
insert into attempt(AthleteId, ChallengeId, Distance, SPM, Time, Weight) values (20, 54, 21097, 22, 4776.4, 'H');
insert into attempt(AthleteId, ChallengeId, Distance, SPM, Time, Weight) values (4, 54, 21097, 23, 4818.8, 'H');
insert into attempt(AthleteId, ChallengeId, Distance, SPM, Time, Weight) values (5, 54, 21097, 24, 5005.3, 'H');
insert into attempt(AthleteId, ChallengeId, Distance, SPM, Time, Weight) values (24, 54, 21097, 24, 5060.0, 'H');
insert into attempt(AthleteId, ChallengeId, Distance, SPM, Time, Weight) values (13, 54, 21097, 22, 5356.5, 'H');
insert into attempt(AthleteId, ChallengeId, Distance, SPM, Time, Weight) values (2, 54, 21097, 25, 5459.5, 'H');
insert into attempt(AthleteId, ChallengeId, Distance, SPM, Time, Weight) values (27, 54, 21097, 24, 5481.1, 'H');
insert into attempt(AthleteId, ChallengeId, Distance, SPM, Time, Weight) values (9, 54, 21097, 26, 5841.3, 'H');
insert into attempt(AthleteId, ChallengeId, Distance, SPM, Time, Weight) values (29, 54, 21097, 25, 6190.6, 'H');
insert into challenge(Id, Name, Month, Year, Type, Description, Distance, Time) values (55, '4  1000 m, 4'' rest', 4, 2010, 'D', '4  1000 m, 4'' rest', 4000, NULL);
insert into attempt(AthleteId, ChallengeId, Distance, SPM, Time, Weight) values (16, 55, 4000, 30, 740.2, 'H');
insert into attempt(AthleteId, ChallengeId, Distance, SPM, Time, Weight) values (12, 55, 4000, 21, 782.8, 'H');
insert into attempt(AthleteId, ChallengeId, Distance, SPM, Time, Weight) values (4, 55, 4000, 31, 787.6, 'H');
insert into attempt(AthleteId, ChallengeId, Distance, SPM, Time, Weight) values (18, 55, 4000, 31, 790.8, 'H');
insert into attempt(AthleteId, ChallengeId, Distance, SPM, Time, Weight) values (20, 55, 4000, 29, 800.5, 'H');
insert into attempt(AthleteId, ChallengeId, Distance, SPM, Time, Weight) values (1, 55, 4000, 29, 809.4, 'H');
insert into attempt(AthleteId, ChallengeId, Distance, SPM, Time, Weight) values (5, 55, 4000, 30, 814.7, 'H');
insert into attempt(AthleteId, ChallengeId, Distance, SPM, Time, Weight) values (15, 55, 4000, 30, 828.0, 'H');
insert into attempt(AthleteId, ChallengeId, Distance, SPM, Time, Weight) values (7, 55, 4000, 29, 846.5, 'H');
insert into attempt(AthleteId, ChallengeId, Distance, SPM, Time, Weight) values (27, 55, 4000, 28, 911.7, 'H');
insert into attempt(AthleteId, ChallengeId, Distance, SPM, Time, Weight) values (2, 55, 4000, 28, 960.0, 'H');
insert into attempt(AthleteId, ChallengeId, Distance, SPM, Time, Weight) values (9, 55, 4000, 28, 984.2, 'H');
insert into attempt(AthleteId, ChallengeId, Distance, SPM, Time, Weight) values (43, 55, 4000, 27, 1016.8, 'H');
insert into attempt(AthleteId, ChallengeId, Distance, SPM, Time, Weight) values (29, 55, 4000, 29, 1056.5, 'H');
insert into challenge(Id, Name, Month, Year, Type, Description, Distance, Time) values (56, '5000 m', 5, 2010, 'D', '5000 m', 5000, NULL);
insert into attempt(AthleteId, ChallengeId, Distance, SPM, Time, Weight) values (16, 56, 5000, 25, 1034.0, 'H');
insert into attempt(AthleteId, ChallengeId, Distance, SPM, Time, Weight) values (4, 56, 5000, 28, 1035.4, 'H');
insert into attempt(AthleteId, ChallengeId, Distance, SPM, Time, Weight) values (18, 56, 5000, 24, 1048.2, 'H');
insert into attempt(AthleteId, ChallengeId, Distance, SPM, Time, Weight) values (1, 56, 5000, 27, 1064.2, 'H');
insert into attempt(AthleteId, ChallengeId, Distance, SPM, Time, Weight) values (6, 56, 5000, 25, 1066.2, 'H');
insert into attempt(AthleteId, ChallengeId, Distance, SPM, Time, Weight) values (20, 56, 5000, 24, 1077.7, 'H');
insert into attempt(AthleteId, ChallengeId, Distance, SPM, Time, Weight) values (15, 56, 5000, 26, 1088.1, 'H');
insert into attempt(AthleteId, ChallengeId, Distance, SPM, Time, Weight) values (11, 56, 5000, 18, 1098.0, 'H');
insert into attempt(AthleteId, ChallengeId, Distance, SPM, Time, Weight) values (7, 56, 5000, 25, 1126.7, 'H');
insert into attempt(AthleteId, ChallengeId, Distance, SPM, Time, Weight) values (5, 56, 5000, 26, 1138.5, 'H');
insert into attempt(AthleteId, ChallengeId, Distance, SPM, Time, Weight) values (13, 56, 5000, 24, 1174.3, 'H');
insert into attempt(AthleteId, ChallengeId, Distance, SPM, Time, Weight) values (26, 56, 5000, 24, 1176.5, 'H');
insert into attempt(AthleteId, ChallengeId, Distance, SPM, Time, Weight) values (2, 56, 5000, 25, 1288.1, 'H');
insert into attempt(AthleteId, ChallengeId, Distance, SPM, Time, Weight) values (9, 56, 5000, 26, 1289.2, 'H');
insert into attempt(AthleteId, ChallengeId, Distance, SPM, Time, Weight) values (43, 56, 5000, 26, 1334.3, 'H');
insert into attempt(AthleteId, ChallengeId, Distance, SPM, Time, Weight) values (36, 56, 5000, 23, 1342.3, 'H');
insert into attempt(AthleteId, ChallengeId, Distance, SPM, Time, Weight) values (29, 56, 5000, 22, 1379.5, 'H');
insert into attempt(AthleteId, ChallengeId, Distance, SPM, Time, Weight) values (42, 56, 5000, 27, 1396.0, 'H');
insert into challenge(Id, Name, Month, Year, Type, Description, Distance, Time) values (57, '10,000 m @ 22 spm', 6, 2010, 'D', '10,000 m @ 22 spm', 10000, NULL);
insert into attempt(AthleteId, ChallengeId, Distance, SPM, Time, Weight) values (11, 57, 10000, 22, 2109.6, 'H');
insert into attempt(AthleteId, ChallengeId, Distance, SPM, Time, Weight) values (16, 57, 10000, 21, 2114.8, 'H');
insert into attempt(AthleteId, ChallengeId, Distance, SPM, Time, Weight) values (6, 57, 10000, 22, 2156.0, 'H');
insert into attempt(AthleteId, ChallengeId, Distance, SPM, Time, Weight) values (18, 57, 10000, 22, 2171.0, 'H');
insert into attempt(AthleteId, ChallengeId, Distance, SPM, Time, Weight) values (4, 57, 10000, 22, 2178.1, 'H');
insert into attempt(AthleteId, ChallengeId, Distance, SPM, Time, Weight) values (15, 57, 10000, 22, 2248.7, 'H');
insert into attempt(AthleteId, ChallengeId, Distance, SPM, Time, Weight) values (20, 57, 10000, 22, 2249.2, 'H');
insert into attempt(AthleteId, ChallengeId, Distance, SPM, Time, Weight) values (1, 57, 10000, 21, 2273.4, 'H');
insert into attempt(AthleteId, ChallengeId, Distance, SPM, Time, Weight) values (5, 57, 10000, 21, 2299.3, 'H');
insert into attempt(AthleteId, ChallengeId, Distance, SPM, Time, Weight) values (7, 57, 10000, 21, 2353.0, 'H');
insert into attempt(AthleteId, ChallengeId, Distance, SPM, Time, Weight) values (26, 57, 10000, 22, 2435.6, 'H');
insert into attempt(AthleteId, ChallengeId, Distance, SPM, Time, Weight) values (27, 57, 10000, 22, 2510.4, 'H');
insert into attempt(AthleteId, ChallengeId, Distance, SPM, Time, Weight) values (13, 57, 10000, 21, 2533.1, 'H');
insert into attempt(AthleteId, ChallengeId, Distance, SPM, Time, Weight) values (2, 57, 10000, 22, 2645.1, 'H');
insert into attempt(AthleteId, ChallengeId, Distance, SPM, Time, Weight) values (36, 57, 10000, 22, 2849.0, 'H');
insert into attempt(AthleteId, ChallengeId, Distance, SPM, Time, Weight) values (9, 57, 10000, 22, 2855.6, 'H');
insert into attempt(AthleteId, ChallengeId, Distance, SPM, Time, Weight) values (29, 57, 10000, 22, 2865.0, 'H');
insert into challenge(Id, Name, Month, Year, Type, Description, Distance, Time) values (58, '8  500 m, 2'' rest', 7, 2010, 'D', '8  500 m, 2'' rest', 4000, NULL);
insert into attempt(AthleteId, ChallengeId, Distance, SPM, Time, Weight) values (16, 58, 4000, 31, 719.2, 'H');
insert into attempt(AthleteId, ChallengeId, Distance, SPM, Time, Weight) values (11, 58, 4000, 33, 731.2, 'H');
insert into attempt(AthleteId, ChallengeId, Distance, SPM, Time, Weight) values (12, 58, 4000, 30, 748.8, 'H');
insert into attempt(AthleteId, ChallengeId, Distance, SPM, Time, Weight) values (18, 58, 4000, 36, 761.5, 'H');
insert into attempt(AthleteId, ChallengeId, Distance, SPM, Time, Weight) values (6, 58, 4000, 30, 762.3, 'H');
insert into attempt(AthleteId, ChallengeId, Distance, SPM, Time, Weight) values (4, 58, 4000, 28, 776.2, 'H');
insert into attempt(AthleteId, ChallengeId, Distance, SPM, Time, Weight) values (20, 58, 4000, 29, 789.2, 'H');
insert into attempt(AthleteId, ChallengeId, Distance, SPM, Time, Weight) values (7, 58, 4000, 31, 810.1, 'H');
insert into attempt(AthleteId, ChallengeId, Distance, SPM, Time, Weight) values (5, 58, 4000, 30, 812.5, 'H');
insert into attempt(AthleteId, ChallengeId, Distance, SPM, Time, Weight) values (15, 58, 4000, 29, 818.5, 'H');
insert into attempt(AthleteId, ChallengeId, Distance, SPM, Time, Weight) values (1, 58, 4000, 28, 826.4, 'H');
insert into attempt(AthleteId, ChallengeId, Distance, SPM, Time, Weight) values (27, 58, 4000, 30, 867.3, 'H');
insert into attempt(AthleteId, ChallengeId, Distance, SPM, Time, Weight) values (2, 58, 4000, 26, 967.8, 'H');
insert into attempt(AthleteId, ChallengeId, Distance, SPM, Time, Weight) values (9, 58, 4000, 28, 969.3, 'H');
insert into attempt(AthleteId, ChallengeId, Distance, SPM, Time, Weight) values (43, 58, 4000, 29, 985.3, 'H');
insert into attempt(AthleteId, ChallengeId, Distance, SPM, Time, Weight) values (36, 58, 4000, 27, 995.2, 'H');
insert into attempt(AthleteId, ChallengeId, Distance, SPM, Time, Weight) values (29, 58, 4000, 30, 1032.7, 'H');
insert into challenge(Id, Name, Month, Year, Type, Description, Distance, Time) values (59, '6000 m', 8, 2010, 'D', '6000 m', 6000, NULL);
insert into attempt(AthleteId, ChallengeId, Distance, SPM, Time, Weight) values (16, 59, 6000, 27, 1192.9, 'H');
insert into attempt(AthleteId, ChallengeId, Distance, SPM, Time, Weight) values (11, 59, 6000, 26, 1216.4, 'H');
insert into attempt(AthleteId, ChallengeId, Distance, SPM, Time, Weight) values (6, 59, 6000, 27, 1238.2, 'H');
insert into attempt(AthleteId, ChallengeId, Distance, SPM, Time, Weight) values (18, 59, 6000, 24, 1268.2, 'H');
insert into attempt(AthleteId, ChallengeId, Distance, SPM, Time, Weight) values (4, 59, 6000, 25, 1271.1, 'H');
insert into attempt(AthleteId, ChallengeId, Distance, SPM, Time, Weight) values (30, 59, 6000, 19, 1313.1, 'H');
insert into attempt(AthleteId, ChallengeId, Distance, SPM, Time, Weight) values (20, 59, 6000, 24, 1317.0, 'H');
insert into attempt(AthleteId, ChallengeId, Distance, SPM, Time, Weight) values (1, 59, 6000, 24, 1320.0, 'H');
insert into attempt(AthleteId, ChallengeId, Distance, SPM, Time, Weight) values (7, 59, 6000, 26, 1336.5, 'H');
insert into attempt(AthleteId, ChallengeId, Distance, SPM, Time, Weight) values (15, 59, 6000, 24, 1340.4, 'H');
insert into attempt(AthleteId, ChallengeId, Distance, SPM, Time, Weight) values (5, 59, 6000, 26, 1353.3, 'H');
insert into attempt(AthleteId, ChallengeId, Distance, SPM, Time, Weight) values (26, 59, 6000, 25, 1411.9, 'H');
insert into attempt(AthleteId, ChallengeId, Distance, SPM, Time, Weight) values (27, 59, 6000, 25, 1469.2, 'H');
insert into attempt(AthleteId, ChallengeId, Distance, SPM, Time, Weight) values (2, 59, 6000, 24, 1545.0, 'H');
insert into attempt(AthleteId, ChallengeId, Distance, SPM, Time, Weight) values (9, 59, 6000, 25, 1586.5, 'H');
insert into attempt(AthleteId, ChallengeId, Distance, SPM, Time, Weight) values (43, 59, 6000, 26, 1597.8, 'H');
insert into attempt(AthleteId, ChallengeId, Distance, SPM, Time, Weight) values (42, 59, 6000, 28, 1673.2, 'H');
insert into challenge(Id, Name, Month, Year, Type, Description, Distance, Time) values (60, '10  1'', 1'' rest, rolling starts allowed', 9, 2010, 'T', '10  1'', 1'' rest, rolling starts allowed', NULL, 600);
insert into attempt(AthleteId, ChallengeId, Distance, SPM, Time, Weight) values (30, 60, 3389, 0, 600, 'H');
insert into attempt(AthleteId, ChallengeId, Distance, SPM, Time, Weight) values (12, 60, 3379, 0, 600, 'H');
insert into attempt(AthleteId, ChallengeId, Distance, SPM, Time, Weight) values (16, 60, 3369, 32, 600, 'H');
insert into attempt(AthleteId, ChallengeId, Distance, SPM, Time, Weight) values (11, 60, 3346, 33, 600, 'H');
insert into attempt(AthleteId, ChallengeId, Distance, SPM, Time, Weight) values (4, 60, 3256, 33, 600, 'H');
insert into attempt(AthleteId, ChallengeId, Distance, SPM, Time, Weight) values (18, 60, 3254, 41, 600, 'H');
insert into attempt(AthleteId, ChallengeId, Distance, SPM, Time, Weight) values (20, 60, 3119, 0, 600, 'H');
insert into attempt(AthleteId, ChallengeId, Distance, SPM, Time, Weight) values (1, 60, 3114, 34, 600, 'H');
insert into attempt(AthleteId, ChallengeId, Distance, SPM, Time, Weight) values (37, 60, 3080, 0, 600, 'H');
insert into attempt(AthleteId, ChallengeId, Distance, SPM, Time, Weight) values (24, 60, 3069, 0, 600, 'H');
insert into attempt(AthleteId, ChallengeId, Distance, SPM, Time, Weight) values (7, 60, 3027, 33, 600, 'H');
insert into attempt(AthleteId, ChallengeId, Distance, SPM, Time, Weight) values (5, 60, 2964, 29, 600, 'H');
insert into attempt(AthleteId, ChallengeId, Distance, SPM, Time, Weight) values (23, 60, 2912, 0, 600, 'H');
insert into attempt(AthleteId, ChallengeId, Distance, SPM, Time, Weight) values (27, 60, 2856, 30, 600, 'H');
insert into attempt(AthleteId, ChallengeId, Distance, SPM, Time, Weight) values (2, 60, 2643, 28, 600, 'H');
insert into attempt(AthleteId, ChallengeId, Distance, SPM, Time, Weight) values (9, 60, 2554, 29, 600, 'H');
insert into attempt(AthleteId, ChallengeId, Distance, SPM, Time, Weight) values (43, 60, 2541, 31, 600, 'H');
insert into challenge(Id, Name, Month, Year, Type, Description, Distance, Time) values (61, '4  1250 m, 3''30 rest, @ 28 spm', 10, 2010, 'D', '4  1250 m, 3''30 rest, @ 28 spm', 5000, NULL);
insert into attempt(AthleteId, ChallengeId, Distance, SPM, Time, Weight) values (16, 61, 5000, 28, 964.4, 'H');
insert into attempt(AthleteId, ChallengeId, Distance, SPM, Time, Weight) values (11, 61, 5000, 28, 967.0, 'H');
insert into attempt(AthleteId, ChallengeId, Distance, SPM, Time, Weight) values (12, 61, 5000, 28, 977.3, 'H');
insert into attempt(AthleteId, ChallengeId, Distance, SPM, Time, Weight) values (4, 61, 5000, 27, 1008.5, 'H');
insert into attempt(AthleteId, ChallengeId, Distance, SPM, Time, Weight) values (18, 61, 5000, 28, 1015.6, 'H');
insert into attempt(AthleteId, ChallengeId, Distance, SPM, Time, Weight) values (1, 61, 5000, 27, 1044.6, 'H');
insert into attempt(AthleteId, ChallengeId, Distance, SPM, Time, Weight) values (20, 61, 5000, 27, 1046.6, 'H');
insert into attempt(AthleteId, ChallengeId, Distance, SPM, Time, Weight) values (15, 61, 5000, 25, 1102.6, 'H');
insert into attempt(AthleteId, ChallengeId, Distance, SPM, Time, Weight) values (5, 61, 5000, 26, 1115.8, 'H');
insert into attempt(AthleteId, ChallengeId, Distance, SPM, Time, Weight) values (13, 61, 5000, 23, 1170.8, 'H');
insert into attempt(AthleteId, ChallengeId, Distance, SPM, Time, Weight) values (2, 61, 5000, 26, 1203.7, 'H');
insert into attempt(AthleteId, ChallengeId, Distance, SPM, Time, Weight) values (9, 61, 5000, 26, 1268.0, 'H');
insert into challenge(Id, Name, Month, Year, Type, Description, Distance, Time) values (62, '2000 m', 11, 2010, 'D', '2000 m', 2000, NULL);
insert into attempt(AthleteId, ChallengeId, Distance, SPM, Time, Weight) values (30, 62, 2000, 33, 364.6, 'H');
insert into attempt(AthleteId, ChallengeId, Distance, SPM, Time, Weight) values (16, 62, 2000, 32, 371.3, 'H');
insert into attempt(AthleteId, ChallengeId, Distance, SPM, Time, Weight) values (12, 62, 2000, 32, 385.6, 'H');
insert into attempt(AthleteId, ChallengeId, Distance, SPM, Time, Weight) values (44, 62, 2000, 32, 386.9, 'H');
insert into attempt(AthleteId, ChallengeId, Distance, SPM, Time, Weight) values (18, 62, 2000, 34, 393.8, 'H');
insert into attempt(AthleteId, ChallengeId, Distance, SPM, Time, Weight) values (20, 62, 2000, 27, 405.9, 'H');
insert into attempt(AthleteId, ChallengeId, Distance, SPM, Time, Weight) values (11, 62, 2000, 26, 407.6, 'H');
insert into attempt(AthleteId, ChallengeId, Distance, SPM, Time, Weight) values (1, 62, 2000, 28, 411.8, 'H');
insert into attempt(AthleteId, ChallengeId, Distance, SPM, Time, Weight) values (4, 62, 2000, 22, 433.2, 'H');
insert into attempt(AthleteId, ChallengeId, Distance, SPM, Time, Weight) values (22, 62, 2000, 29, 438.4, 'H');
insert into attempt(AthleteId, ChallengeId, Distance, SPM, Time, Weight) values (27, 62, 2000, 29, 439.4, 'H');
insert into attempt(AthleteId, ChallengeId, Distance, SPM, Time, Weight) values (5, 62, 2000, 27, 439.7, 'H');
insert into attempt(AthleteId, ChallengeId, Distance, SPM, Time, Weight) values (7, 62, 2000, 23, 467.2, 'H');
insert into attempt(AthleteId, ChallengeId, Distance, SPM, Time, Weight) values (2, 62, 2000, 27, 468.0, 'H');
insert into attempt(AthleteId, ChallengeId, Distance, SPM, Time, Weight) values (9, 62, 2000, 27, 502.4, 'H');
insert into challenge(Id, Name, Month, Year, Type, Description, Distance, Time) values (63, '8000 m @ 24 spm', 12, 2010, 'D', '8000 m @ 24 spm', 8000, NULL);
insert into attempt(AthleteId, ChallengeId, Distance, SPM, Time, Weight) values (37, 63, 8000, 24, 1608.0, 'H');
insert into attempt(AthleteId, ChallengeId, Distance, SPM, Time, Weight) values (11, 63, 8000, 24, 1658.6, 'H');
insert into attempt(AthleteId, ChallengeId, Distance, SPM, Time, Weight) values (16, 63, 8000, 24, 1676.0, 'H');
insert into attempt(AthleteId, ChallengeId, Distance, SPM, Time, Weight) values (18, 63, 8000, 24, 1706.5, 'H');
insert into attempt(AthleteId, ChallengeId, Distance, SPM, Time, Weight) values (1, 63, 8000, 23, 1759.1, 'H');
insert into attempt(AthleteId, ChallengeId, Distance, SPM, Time, Weight) values (6, 63, 8000, 24, 1760.2, 'H');
insert into attempt(AthleteId, ChallengeId, Distance, SPM, Time, Weight) values (15, 63, 8000, 24, 1780.3, 'H');
insert into attempt(AthleteId, ChallengeId, Distance, SPM, Time, Weight) values (12, 63, 8000, 20, 1783.3, 'H');
insert into attempt(AthleteId, ChallengeId, Distance, SPM, Time, Weight) values (20, 63, 8000, 23, 1787.6, 'H');
insert into attempt(AthleteId, ChallengeId, Distance, SPM, Time, Weight) values (7, 63, 8000, 23, 1829.4, 'H');
insert into attempt(AthleteId, ChallengeId, Distance, SPM, Time, Weight) values (5, 63, 8000, 24, 1883.2, 'H');
insert into attempt(AthleteId, ChallengeId, Distance, SPM, Time, Weight) values (13, 63, 8000, 19, 1969.6, 'H');
insert into attempt(AthleteId, ChallengeId, Distance, SPM, Time, Weight) values (2, 63, 8000, 23, 1994.4, 'H');
insert into attempt(AthleteId, ChallengeId, Distance, SPM, Time, Weight) values (33, 63, 8000, 24, 2024.1, 'H');
insert into attempt(AthleteId, ChallengeId, Distance, SPM, Time, Weight) values (4, 63, 8000, 20, 2066.2, 'H');
insert into attempt(AthleteId, ChallengeId, Distance, SPM, Time, Weight) values (9, 63, 8000, 24, 2216.9, 'H');
insert into challenge(Id, Name, Month, Year, Type, Description, Distance, Time) values (64, '5  750 m, 2'' rest', 1, 2011, 'D', '5  750 m, 2'' rest', 3750, NULL);
insert into attempt(AthleteId, ChallengeId, Distance, SPM, Time, Weight) values (11, 64, 3750, 32, 704.5, 'H');
insert into attempt(AthleteId, ChallengeId, Distance, SPM, Time, Weight) values (12, 64, 3750, 24, 726.1, 'H');
insert into attempt(AthleteId, ChallengeId, Distance, SPM, Time, Weight) values (1, 64, 3750, 31, 749.2, 'H');
insert into attempt(AthleteId, ChallengeId, Distance, SPM, Time, Weight) values (18, 64, 3750, 25, 749.6, 'H');
insert into attempt(AthleteId, ChallengeId, Distance, SPM, Time, Weight) values (15, 64, 3750, 30, 771.4, 'H');
insert into attempt(AthleteId, ChallengeId, Distance, SPM, Time, Weight) values (7, 64, 3750, 29, 772.2, 'H');
insert into attempt(AthleteId, ChallengeId, Distance, SPM, Time, Weight) values (20, 64, 3750, 28, 778.5, 'H');
insert into attempt(AthleteId, ChallengeId, Distance, SPM, Time, Weight) values (5, 64, 3750, 27, 804.0, 'H');
insert into attempt(AthleteId, ChallengeId, Distance, SPM, Time, Weight) values (13, 64, 3750, 26, 826.9, 'H');
insert into attempt(AthleteId, ChallengeId, Distance, SPM, Time, Weight) values (33, 64, 3750, 29, 848.2, 'H');
insert into attempt(AthleteId, ChallengeId, Distance, SPM, Time, Weight) values (2, 64, 3750, 29, 860.1, 'H');
insert into attempt(AthleteId, ChallengeId, Distance, SPM, Time, Weight) values (4, 64, 3750, 30, 862.2, 'H');
insert into attempt(AthleteId, ChallengeId, Distance, SPM, Time, Weight) values (9, 64, 3750, 28, 957.3, 'H');
insert into challenge(Id, Name, Month, Year, Type, Description, Distance, Time) values (65, '30 minutes @ 20 spm', 2, 2011, 'T', '30 minutes @ 20 spm', NULL, 1800);
insert into attempt(AthleteId, ChallengeId, Distance, SPM, Time, Weight) values (37, 65, 8654, 19, 1800, 'H');
insert into attempt(AthleteId, ChallengeId, Distance, SPM, Time, Weight) values (11, 65, 8432, 20, 1800, 'H');
insert into attempt(AthleteId, ChallengeId, Distance, SPM, Time, Weight) values (6, 65, 8418, 20, 1800, 'H');
insert into attempt(AthleteId, ChallengeId, Distance, SPM, Time, Weight) values (12, 65, 8251, 20, 1800, 'H');
insert into attempt(AthleteId, ChallengeId, Distance, SPM, Time, Weight) values (44, 65, 8249, 20, 1800, 'H');
insert into attempt(AthleteId, ChallengeId, Distance, SPM, Time, Weight) values (1, 65, 8052, 20, 1800, 'H');
insert into attempt(AthleteId, ChallengeId, Distance, SPM, Time, Weight) values (15, 65, 8040, 20, 1800, 'H');
insert into attempt(AthleteId, ChallengeId, Distance, SPM, Time, Weight) values (7, 65, 7909, 20, 1800, 'H');
insert into attempt(AthleteId, ChallengeId, Distance, SPM, Time, Weight) values (20, 65, 7818, 20, 1800, 'H');
insert into attempt(AthleteId, ChallengeId, Distance, SPM, Time, Weight) values (5, 65, 7719, 20, 1800, 'H');
insert into attempt(AthleteId, ChallengeId, Distance, SPM, Time, Weight) values (4, 65, 7515, 20, 1800, 'H');
insert into attempt(AthleteId, ChallengeId, Distance, SPM, Time, Weight) values (13, 65, 7465, 18, 1800, 'H');
insert into attempt(AthleteId, ChallengeId, Distance, SPM, Time, Weight) values (33, 65, 7223, 20, 1800, 'H');
insert into attempt(AthleteId, ChallengeId, Distance, SPM, Time, Weight) values (2, 65, 6662, 19, 1800, 'H');
insert into attempt(AthleteId, ChallengeId, Distance, SPM, Time, Weight) values (9, 65, 6291, 20, 1800, 'H');
insert into challenge(Id, Name, Month, Year, Type, Description, Distance, Time) values (66, '4  500 m, 2'' rest', 3, 2011, 'D', '4  500 m, 2'' rest', 2000, NULL);
insert into attempt(AthleteId, ChallengeId, Distance, SPM, Time, Weight) values (11, 66, 2000, 36, 356.3, 'H');
insert into attempt(AthleteId, ChallengeId, Distance, SPM, Time, Weight) values (12, 66, 2000, 34, 357.0, 'H');
insert into attempt(AthleteId, ChallengeId, Distance, SPM, Time, Weight) values (18, 66, 2000, 42, 375.8, 'H');
insert into attempt(AthleteId, ChallengeId, Distance, SPM, Time, Weight) values (44, 66, 2000, 33, 376.4, 'H');
insert into attempt(AthleteId, ChallengeId, Distance, SPM, Time, Weight) values (4, 66, 2000, 31, 382.1, 'H');
insert into attempt(AthleteId, ChallengeId, Distance, SPM, Time, Weight) values (1, 66, 2000, 34, 386.9, 'H');
insert into attempt(AthleteId, ChallengeId, Distance, SPM, Time, Weight) values (20, 66, 2000, 33, 388.6, 'H');
insert into attempt(AthleteId, ChallengeId, Distance, SPM, Time, Weight) values (7, 66, 2000, 31, 392.5, 'H');
insert into attempt(AthleteId, ChallengeId, Distance, SPM, Time, Weight) values (5, 66, 2000, 32, 400.8, 'H');
insert into attempt(AthleteId, ChallengeId, Distance, SPM, Time, Weight) values (13, 66, 2000, 32, 403.3, 'H');
insert into attempt(AthleteId, ChallengeId, Distance, SPM, Time, Weight) values (2, 66, 2000, 30, 460.7, 'H');
insert into attempt(AthleteId, ChallengeId, Distance, SPM, Time, Weight) values (9, 66, 2000, 29, 482.5, 'H');
insert into challenge(Id, Name, Month, Year, Type, Description, Distance, Time) values (67, '1000 m', 4, 2011, 'D', '1000 m', 1000, NULL);
insert into attempt(AthleteId, ChallengeId, Distance, SPM, Time, Weight) values (11, 67, 1000, 32, 185.6, 'H');
insert into attempt(AthleteId, ChallengeId, Distance, SPM, Time, Weight) values (4, 67, 1000, 32, 191.3, 'H');
insert into attempt(AthleteId, ChallengeId, Distance, SPM, Time, Weight) values (44, 67, 1000, 34, 192.4, 'H');
insert into attempt(AthleteId, ChallengeId, Distance, SPM, Time, Weight) values (20, 67, 1000, 32, 195.3, 'H');
insert into attempt(AthleteId, ChallengeId, Distance, SPM, Time, Weight) values (18, 67, 1000, 36, 195.6, 'H');
insert into attempt(AthleteId, ChallengeId, Distance, SPM, Time, Weight) values (1, 67, 1000, 32, 197.3, 'H');
insert into attempt(AthleteId, ChallengeId, Distance, SPM, Time, Weight) values (7, 67, 1000, 29, 204.4, 'H');
insert into attempt(AthleteId, ChallengeId, Distance, SPM, Time, Weight) values (15, 67, 1000, 27, 208.9, 'H');
insert into attempt(AthleteId, ChallengeId, Distance, SPM, Time, Weight) values (13, 67, 1000, 29, 209.9, 'H');
insert into attempt(AthleteId, ChallengeId, Distance, SPM, Time, Weight) values (33, 67, 1000, 31, 215.8, 'H');
insert into attempt(AthleteId, ChallengeId, Distance, SPM, Time, Weight) values (2, 67, 1000, 29, 229.9, 'H');
insert into attempt(AthleteId, ChallengeId, Distance, SPM, Time, Weight) values (5, 67, 1000, 20, 238.8, 'H');
insert into attempt(AthleteId, ChallengeId, Distance, SPM, Time, Weight) values (9, 67, 1000, 30, 242.0, 'H');
insert into challenge(Id, Name, Month, Year, Type, Description, Distance, Time) values (68, '5000 m', 5, 2011, 'D', '5000 m', 5000, NULL);
insert into attempt(AthleteId, ChallengeId, Distance, SPM, Time, Weight) values (11, 68, 5000, 28, 987.9, 'H');
insert into attempt(AthleteId, ChallengeId, Distance, SPM, Time, Weight) values (6, 68, 5000, 27, 1030.1, 'H');
insert into attempt(AthleteId, ChallengeId, Distance, SPM, Time, Weight) values (44, 68, 5000, 26, 1038.4, 'H');
insert into attempt(AthleteId, ChallengeId, Distance, SPM, Time, Weight) values (1, 68, 5000, 28, 1048.5, 'H');
insert into attempt(AthleteId, ChallengeId, Distance, SPM, Time, Weight) values (4, 68, 5000, 26, 1058.1, 'H');
insert into attempt(AthleteId, ChallengeId, Distance, SPM, Time, Weight) values (18, 68, 5000, 28, 1065.2, 'H');
insert into attempt(AthleteId, ChallengeId, Distance, SPM, Time, Weight) values (15, 68, 5000, 25, 1075.1, 'H');
insert into attempt(AthleteId, ChallengeId, Distance, SPM, Time, Weight) values (24, 68, 5000, 29, 1096.2, 'H');
insert into attempt(AthleteId, ChallengeId, Distance, SPM, Time, Weight) values (20, 68, 5000, 24, 1112.9, 'H');
insert into attempt(AthleteId, ChallengeId, Distance, SPM, Time, Weight) values (7, 68, 5000, 24, 1128.0, 'H');
insert into attempt(AthleteId, ChallengeId, Distance, SPM, Time, Weight) values (13, 68, 5000, 24, 1140.1, 'H');
insert into attempt(AthleteId, ChallengeId, Distance, SPM, Time, Weight) values (33, 68, 5000, 27, 1147.6, 'H');
insert into attempt(AthleteId, ChallengeId, Distance, SPM, Time, Weight) values (5, 68, 5000, 25, 1149.5, 'H');
insert into attempt(AthleteId, ChallengeId, Distance, SPM, Time, Weight) values (22, 68, 5000, 26, 1159.7, 'H');
insert into attempt(AthleteId, ChallengeId, Distance, SPM, Time, Weight) values (12, 68, 5000, 24, 1178.6, 'H');
insert into attempt(AthleteId, ChallengeId, Distance, SPM, Time, Weight) values (2, 68, 5000, 26, 1223.8, 'H');
insert into attempt(AthleteId, ChallengeId, Distance, SPM, Time, Weight) values (9, 68, 5000, 26, 1317.3, 'H');
insert into attempt(AthleteId, ChallengeId, Distance, SPM, Time, Weight) values (29, 68, 5000, 27, 1375.1, 'H');
insert into challenge(Id, Name, Month, Year, Type, Description, Distance, Time) values (69, '60 minutes', 6, 2011, 'T', '60 minutes', NULL, 3600);
insert into attempt(AthleteId, ChallengeId, Distance, SPM, Time, Weight) values (18, 69, 16387, 24, 3600, 'H');
insert into attempt(AthleteId, ChallengeId, Distance, SPM, Time, Weight) values (6, 69, 16323, 23, 3600, 'H');
insert into attempt(AthleteId, ChallengeId, Distance, SPM, Time, Weight) values (4, 69, 16166, 22, 3600, 'H');
insert into attempt(AthleteId, ChallengeId, Distance, SPM, Time, Weight) values (15, 69, 15694, 23, 3600, 'H');
insert into attempt(AthleteId, ChallengeId, Distance, SPM, Time, Weight) values (20, 69, 15569, 22, 3600, 'H');
insert into attempt(AthleteId, ChallengeId, Distance, SPM, Time, Weight) values (22, 69, 15241, 25, 3600, 'H');
insert into attempt(AthleteId, ChallengeId, Distance, SPM, Time, Weight) values (7, 69, 15220, 23, 3600, 'H');
insert into attempt(AthleteId, ChallengeId, Distance, SPM, Time, Weight) values (13, 69, 15111, 22, 3600, 'H');
insert into attempt(AthleteId, ChallengeId, Distance, SPM, Time, Weight) values (33, 69, 15107, 25, 3600, 'H');
insert into attempt(AthleteId, ChallengeId, Distance, SPM, Time, Weight) values (5, 69, 14021, 23, 3600, 'H');
insert into attempt(AthleteId, ChallengeId, Distance, SPM, Time, Weight) values (2, 69, 13605, 25, 3600, 'H');
insert into attempt(AthleteId, ChallengeId, Distance, SPM, Time, Weight) values (12, 69, 13000, 24, 3600, 'H');
insert into attempt(AthleteId, ChallengeId, Distance, SPM, Time, Weight) values (9, 69, 12592, 25, 3600, 'H');
insert into challenge(Id, Name, Month, Year, Type, Description, Distance, Time) values (70, '10,000 m', 7, 2011, 'D', '10,000 m', 10000, NULL);
insert into attempt(AthleteId, ChallengeId, Distance, SPM, Time, Weight) values (6, 70, 10000, 24, 2119.0, 'H');
insert into attempt(AthleteId, ChallengeId, Distance, SPM, Time, Weight) values (18, 70, 10000, 25, 2178.4, 'H');
insert into attempt(AthleteId, ChallengeId, Distance, SPM, Time, Weight) values (4, 70, 10000, 24, 2181.0, 'H');
insert into attempt(AthleteId, ChallengeId, Distance, SPM, Time, Weight) values (15, 70, 10000, 24, 2224.0, 'H');
insert into attempt(AthleteId, ChallengeId, Distance, SPM, Time, Weight) values (7, 70, 10000, 24, 2274.8, 'H');
insert into attempt(AthleteId, ChallengeId, Distance, SPM, Time, Weight) values (1, 70, 10000, 21, 2307.4, 'H');
insert into attempt(AthleteId, ChallengeId, Distance, SPM, Time, Weight) values (22, 70, 10000, 26, 2318.8, 'H');
insert into attempt(AthleteId, ChallengeId, Distance, SPM, Time, Weight) values (13, 70, 10000, 24, 2351.8, 'H');
insert into attempt(AthleteId, ChallengeId, Distance, SPM, Time, Weight) values (20, 70, 10000, 21, 2355.7, 'H');
insert into attempt(AthleteId, ChallengeId, Distance, SPM, Time, Weight) values (2, 70, 10000, 24, 2599.7, 'H');
insert into attempt(AthleteId, ChallengeId, Distance, SPM, Time, Weight) values (9, 70, 10000, 25, 2722.1, 'H');
insert into challenge(Id, Name, Month, Year, Type, Description, Distance, Time) values (71, '5  1000 m, 3'' rest, @ 24 spm', 8, 2011, 'D', '5  1000 m, 3'' rest, @ 24 spm', 5000, NULL);
insert into attempt(AthleteId, ChallengeId, Distance, SPM, Time, Weight) values (11, 71, 5000, 24, 986.6, 'H');
insert into attempt(AthleteId, ChallengeId, Distance, SPM, Time, Weight) values (6, 71, 5000, 24, 1009.3, 'H');
insert into attempt(AthleteId, ChallengeId, Distance, SPM, Time, Weight) values (18, 71, 5000, 24, 1026.8, 'H');
insert into attempt(AthleteId, ChallengeId, Distance, SPM, Time, Weight) values (4, 71, 5000, 24, 1035.2, 'H');
insert into attempt(AthleteId, ChallengeId, Distance, SPM, Time, Weight) values (15, 71, 5000, 24, 1053.9, 'H');
insert into attempt(AthleteId, ChallengeId, Distance, SPM, Time, Weight) values (1, 71, 5000, 24, 1055.6, 'H');
insert into attempt(AthleteId, ChallengeId, Distance, SPM, Time, Weight) values (20, 71, 5000, 24, 1069.0, 'H');
insert into attempt(AthleteId, ChallengeId, Distance, SPM, Time, Weight) values (22, 71, 5000, 24, 1072.3, 'H');
insert into attempt(AthleteId, ChallengeId, Distance, SPM, Time, Weight) values (45, 71, 5000, 24, 1072.4, 'H');
insert into attempt(AthleteId, ChallengeId, Distance, SPM, Time, Weight) values (7, 71, 5000, 24, 1077.7, 'H');
insert into attempt(AthleteId, ChallengeId, Distance, SPM, Time, Weight) values (12, 71, 5000, 16, 1088.5, 'H');
insert into attempt(AthleteId, ChallengeId, Distance, SPM, Time, Weight) values (13, 71, 5000, 22, 1108.6, 'H');
insert into attempt(AthleteId, ChallengeId, Distance, SPM, Time, Weight) values (5, 71, 5000, 23, 1123.2, 'H');
insert into attempt(AthleteId, ChallengeId, Distance, SPM, Time, Weight) values (2, 71, 5000, 24, 1202.5, 'H');
insert into attempt(AthleteId, ChallengeId, Distance, SPM, Time, Weight) values (32, 71, 5000, 24, 1207.0, 'H');
insert into attempt(AthleteId, ChallengeId, Distance, SPM, Time, Weight) values (9, 71, 5000, 24, 1293.7, 'H');
insert into challenge(Id, Name, Month, Year, Type, Description, Distance, Time) values (72, '4k, 2k, 1k, 500 m  with 2'' rest', 9, 2011, 'D', '4k, 2k, 1k, 500 m  with 2'' rest', 7500, NULL);
insert into attempt(AthleteId, ChallengeId, Distance, SPM, Time, Weight) values (6, 72, 7500, 28, 1543.5, 'H');
insert into attempt(AthleteId, ChallengeId, Distance, SPM, Time, Weight) values (18, 72, 7500, 30, 1572.0, 'H');
insert into attempt(AthleteId, ChallengeId, Distance, SPM, Time, Weight) values (4, 72, 7500, 26, 1573.6, 'H');
insert into attempt(AthleteId, ChallengeId, Distance, SPM, Time, Weight) values (1, 72, 7500, 29, 1598.0, 'H');
insert into attempt(AthleteId, ChallengeId, Distance, SPM, Time, Weight) values (12, 72, 7500, 18, 1628.8, 'H');
insert into attempt(AthleteId, ChallengeId, Distance, SPM, Time, Weight) values (7, 72, 7500, 27, 1651.5, 'H');
insert into attempt(AthleteId, ChallengeId, Distance, SPM, Time, Weight) values (20, 72, 7500, 25, 1658.6, 'H');
insert into attempt(AthleteId, ChallengeId, Distance, SPM, Time, Weight) values (13, 72, 7500, 23, 1728.4, 'H');
insert into attempt(AthleteId, ChallengeId, Distance, SPM, Time, Weight) values (2, 72, 7500, 26, 1856.1, 'H');
insert into attempt(AthleteId, ChallengeId, Distance, SPM, Time, Weight) values (9, 72, 7500, 26, 1983.1, 'H');
insert into challenge(Id, Name, Month, Year, Type, Description, Distance, Time) values (73, '250, 500, 750, 1k,  750, 500, 250 (1'' rest)', 10, 2011, 'D', '250, 500, 750, 1k,  750, 500, 250 (1'' rest)', 4000, NULL);
insert into attempt(AthleteId, ChallengeId, Distance, SPM, Time, Weight) values (6, 73, 4000, 28, 781.8, 'H');
insert into attempt(AthleteId, ChallengeId, Distance, SPM, Time, Weight) values (18, 73, 4000, 34, 788.0, 'H');
insert into attempt(AthleteId, ChallengeId, Distance, SPM, Time, Weight) values (4, 73, 4000, 28, 792.6, 'H');
insert into attempt(AthleteId, ChallengeId, Distance, SPM, Time, Weight) values (12, 73, 4000, 18, 812.9, 'H');
insert into attempt(AthleteId, ChallengeId, Distance, SPM, Time, Weight) values (1, 73, 4000, 30, 817.0, 'H');
insert into attempt(AthleteId, ChallengeId, Distance, SPM, Time, Weight) values (20, 73, 4000, 29, 822.1, 'H');
insert into attempt(AthleteId, ChallengeId, Distance, SPM, Time, Weight) values (13, 73, 4000, 30, 827.4, 'H');
insert into attempt(AthleteId, ChallengeId, Distance, SPM, Time, Weight) values (7, 73, 4000, 31, 828.6, 'H');
insert into attempt(AthleteId, ChallengeId, Distance, SPM, Time, Weight) values (15, 73, 4000, 27, 870.1, 'H');
insert into attempt(AthleteId, ChallengeId, Distance, SPM, Time, Weight) values (33, 73, 4000, 30, 874.6, 'H');
insert into attempt(AthleteId, ChallengeId, Distance, SPM, Time, Weight) values (5, 73, 4000, 25, 907.7, 'H');
insert into attempt(AthleteId, ChallengeId, Distance, SPM, Time, Weight) values (2, 73, 4000, 28, 960.1, 'H');
insert into attempt(AthleteId, ChallengeId, Distance, SPM, Time, Weight) values (9, 73, 4000, 29, 1003.0, 'H');
insert into challenge(Id, Name, Month, Year, Type, Description, Distance, Time) values (74, '20 minutes', 11, 2011, 'T', '20 minutes', NULL, 1200);
insert into attempt(AthleteId, ChallengeId, Distance, SPM, Time, Weight) values (6, 74, 5793, 27, 1200, 'H');
insert into attempt(AthleteId, ChallengeId, Distance, SPM, Time, Weight) values (16, 74, 5786, 26, 1200, 'H');
insert into attempt(AthleteId, ChallengeId, Distance, SPM, Time, Weight) values (1, 74, 5628, 26, 1200, 'H');
insert into attempt(AthleteId, ChallengeId, Distance, SPM, Time, Weight) values (4, 74, 5599, 29, 1200, 'H');
insert into attempt(AthleteId, ChallengeId, Distance, SPM, Time, Weight) values (11, 74, 5530, 19, 1200, 'H');
insert into attempt(AthleteId, ChallengeId, Distance, SPM, Time, Weight) values (13, 74, 5378, 26, 1200, 'H');
insert into attempt(AthleteId, ChallengeId, Distance, SPM, Time, Weight) values (7, 74, 5367, 25, 1200, 'H');
insert into attempt(AthleteId, ChallengeId, Distance, SPM, Time, Weight) values (20, 74, 5346, 22, 1200, 'H');
insert into attempt(AthleteId, ChallengeId, Distance, SPM, Time, Weight) values (22, 74, 5217, 26, 1200, 'H');
insert into attempt(AthleteId, ChallengeId, Distance, SPM, Time, Weight) values (5, 74, 5197, 26, 1200, 'H');
insert into attempt(AthleteId, ChallengeId, Distance, SPM, Time, Weight) values (15, 74, 5177, 22, 1200, 'H');
insert into attempt(AthleteId, ChallengeId, Distance, SPM, Time, Weight) values (33, 74, 5125, 24, 1200, 'H');
insert into attempt(AthleteId, ChallengeId, Distance, SPM, Time, Weight) values (2, 74, 4935, 27, 1200, 'H');
insert into attempt(AthleteId, ChallengeId, Distance, SPM, Time, Weight) values (9, 74, 4540, 25, 1200, 'H');
insert into challenge(Id, Name, Month, Year, Type, Description, Distance, Time) values (75, '1k, 2k, 3k, 2k, 1k  (2'' rest)', 12, 2011, 'D', '1k, 2k, 3k, 2k, 1k  (2'' rest)', 9000, NULL);
insert into attempt(AthleteId, ChallengeId, Distance, SPM, Time, Weight) values (11, 75, 9000, 29, 1786.8, 'H');
insert into attempt(AthleteId, ChallengeId, Distance, SPM, Time, Weight) values (6, 75, 9000, 27, 1855.4, 'H');
insert into attempt(AthleteId, ChallengeId, Distance, SPM, Time, Weight) values (1, 75, 9000, 28, 1902.2, 'H');
insert into attempt(AthleteId, ChallengeId, Distance, SPM, Time, Weight) values (4, 75, 9000, 29, 1951.7, 'H');
insert into attempt(AthleteId, ChallengeId, Distance, SPM, Time, Weight) values (7, 75, 9000, 24, 2001.6, 'H');
insert into attempt(AthleteId, ChallengeId, Distance, SPM, Time, Weight) values (20, 75, 9000, 23, 2008.6, 'H');
insert into attempt(AthleteId, ChallengeId, Distance, SPM, Time, Weight) values (18, 75, 9000, 20, 2019.3, 'H');
insert into attempt(AthleteId, ChallengeId, Distance, SPM, Time, Weight) values (13, 75, 9000, 26, 2037.5, 'H');
insert into attempt(AthleteId, ChallengeId, Distance, SPM, Time, Weight) values (15, 75, 9000, 24, 2075.7, 'H');
insert into attempt(AthleteId, ChallengeId, Distance, SPM, Time, Weight) values (5, 75, 9000, 25, 2113.3, 'H');
insert into attempt(AthleteId, ChallengeId, Distance, SPM, Time, Weight) values (2, 75, 9000, 27, 2172.4, 'H');
insert into attempt(AthleteId, ChallengeId, Distance, SPM, Time, Weight) values (9, 75, 9000, 26, 2406.6, 'H');
insert into challenge(Id, Name, Month, Year, Type, Description, Distance, Time) values (76, '6  500 m, 1'' rest', 1, 2012, 'D', '6  500 m, 1'' rest', 3000, NULL);
insert into attempt(AthleteId, ChallengeId, Distance, SPM, Time, Weight) values (12, 76, 3000, 31, 576.8, 'H');
insert into attempt(AthleteId, ChallengeId, Distance, SPM, Time, Weight) values (18, 76, 3000, 35, 576.9, 'H');
insert into attempt(AthleteId, ChallengeId, Distance, SPM, Time, Weight) values (4, 76, 3000, 30, 589.4, 'H');
insert into attempt(AthleteId, ChallengeId, Distance, SPM, Time, Weight) values (1, 76, 3000, 31, 601.3, 'H');
insert into attempt(AthleteId, ChallengeId, Distance, SPM, Time, Weight) values (7, 76, 3000, 29, 605.5, 'H');
insert into attempt(AthleteId, ChallengeId, Distance, SPM, Time, Weight) values (20, 76, 3000, 25, 617.0, 'H');
insert into attempt(AthleteId, ChallengeId, Distance, SPM, Time, Weight) values (33, 76, 3000, 29, 649.0, 'H');
insert into attempt(AthleteId, ChallengeId, Distance, SPM, Time, Weight) values (15, 76, 3000, 26, 650.6, 'H');
insert into attempt(AthleteId, ChallengeId, Distance, SPM, Time, Weight) values (13, 76, 3000, 27, 651.9, 'H');
insert into attempt(AthleteId, ChallengeId, Distance, SPM, Time, Weight) values (5, 76, 3000, 26, 678.6, 'H');
insert into attempt(AthleteId, ChallengeId, Distance, SPM, Time, Weight) values (2, 76, 3000, 30, 690.6, 'H');
insert into attempt(AthleteId, ChallengeId, Distance, SPM, Time, Weight) values (9, 76, 3000, 27, 752.7, 'H');
insert into challenge(Id, Name, Month, Year, Type, Description, Distance, Time) values (77, 'for Carole McNally: 5  1402 m, 2''20 rest', 2, 2012, 'D', 'for Carole McNally: 5  1402 m, 2''20 rest', 7010, NULL);
insert into attempt(AthleteId, ChallengeId, Distance, SPM, Time, Weight) values (30, 77, 7010, 24, 1370.4, 'H');
insert into attempt(AthleteId, ChallengeId, Distance, SPM, Time, Weight) values (11, 77, 7010, 27, 1389.7, 'H');
insert into attempt(AthleteId, ChallengeId, Distance, SPM, Time, Weight) values (18, 77, 7010, 31, 1439.6, 'H');
insert into attempt(AthleteId, ChallengeId, Distance, SPM, Time, Weight) values (12, 77, 7010, 24, 1443.2, 'H');
insert into attempt(AthleteId, ChallengeId, Distance, SPM, Time, Weight) values (6, 77, 7010, 24, 1468.4, 'H');
insert into attempt(AthleteId, ChallengeId, Distance, SPM, Time, Weight) values (4, 77, 7010, 26, 1469.6, 'H');
insert into attempt(AthleteId, ChallengeId, Distance, SPM, Time, Weight) values (1, 77, 7010, 27, 1484.2, 'H');
insert into attempt(AthleteId, ChallengeId, Distance, SPM, Time, Weight) values (7, 77, 7010, 26, 1494.3, 'H');
insert into attempt(AthleteId, ChallengeId, Distance, SPM, Time, Weight) values (15, 77, 7010, 25, 1511.2, 'H');
insert into attempt(AthleteId, ChallengeId, Distance, SPM, Time, Weight) values (20, 77, 7010, 24, 1517.9, 'H');
insert into attempt(AthleteId, ChallengeId, Distance, SPM, Time, Weight) values (24, 77, 7010, 29, 1525.0, 'H');
insert into attempt(AthleteId, ChallengeId, Distance, SPM, Time, Weight) values (13, 77, 7010, 25, 1584.6, 'H');
insert into attempt(AthleteId, ChallengeId, Distance, SPM, Time, Weight) values (33, 77, 7010, 28, 1588.6, 'H');
insert into attempt(AthleteId, ChallengeId, Distance, SPM, Time, Weight) values (22, 77, 7010, 26, 1590.2, 'H');
insert into attempt(AthleteId, ChallengeId, Distance, SPM, Time, Weight) values (26, 77, 7010, 0, 1614.5, 'H');
insert into attempt(AthleteId, ChallengeId, Distance, SPM, Time, Weight) values (5, 77, 7010, 25, 1646.5, 'H');
insert into attempt(AthleteId, ChallengeId, Distance, SPM, Time, Weight) values (2, 77, 7010, 28, 1695.3, 'H');
insert into attempt(AthleteId, ChallengeId, Distance, SPM, Time, Weight) values (9, 77, 7010, 26, 1830.5, 'H');
insert into attempt(AthleteId, ChallengeId, Distance, SPM, Time, Weight) values (29, 77, 7010, 0, 2008.8, 'H');
insert into challenge(Id, Name, Month, Year, Type, Description, Distance, Time) values (78, '3  2000 m, 5'' rest', 3, 2012, 'D', '3  2000 m, 5'' rest', 6000, NULL);
insert into attempt(AthleteId, ChallengeId, Distance, SPM, Time, Weight) values (4, 78, 6000, 30, 1213.7, 'H');
insert into attempt(AthleteId, ChallengeId, Distance, SPM, Time, Weight) values (18, 78, 6000, 33, 1226.4, 'H');
insert into attempt(AthleteId, ChallengeId, Distance, SPM, Time, Weight) values (1, 78, 6000, 29, 1282.6, 'H');
insert into attempt(AthleteId, ChallengeId, Distance, SPM, Time, Weight) values (15, 78, 6000, 26, 1287.1, 'H');
insert into attempt(AthleteId, ChallengeId, Distance, SPM, Time, Weight) values (22, 78, 6000, 28, 1290.5, 'H');
insert into attempt(AthleteId, ChallengeId, Distance, SPM, Time, Weight) values (20, 78, 6000, 25, 1306.2, 'H');
insert into attempt(AthleteId, ChallengeId, Distance, SPM, Time, Weight) values (7, 78, 6000, 24, 1326.0, 'H');
insert into attempt(AthleteId, ChallengeId, Distance, SPM, Time, Weight) values (13, 78, 6000, 25, 1348.2, 'H');
insert into attempt(AthleteId, ChallengeId, Distance, SPM, Time, Weight) values (33, 78, 6000, 28, 1360.5, 'H');
insert into attempt(AthleteId, ChallengeId, Distance, SPM, Time, Weight) values (5, 78, 6000, 20, 1420.3, 'H');
insert into attempt(AthleteId, ChallengeId, Distance, SPM, Time, Weight) values (2, 78, 6000, 27, 1488.3, 'H');
insert into attempt(AthleteId, ChallengeId, Distance, SPM, Time, Weight) values (9, 78, 6000, 25, 1581.3, 'H');
insert into challenge(Id, Name, Month, Year, Type, Description, Distance, Time) values (79, '1609 m', 4, 2012, 'D', '1609 m', 1609, NULL);
insert into attempt(AthleteId, ChallengeId, Distance, SPM, Time, Weight) values (4, 79, 1609, 32, 318.0, 'H');
insert into attempt(AthleteId, ChallengeId, Distance, SPM, Time, Weight) values (18, 79, 1609, 33, 321.3, 'H');
insert into attempt(AthleteId, ChallengeId, Distance, SPM, Time, Weight) values (1, 79, 1609, 32, 331.3, 'H');
insert into attempt(AthleteId, ChallengeId, Distance, SPM, Time, Weight) values (20, 79, 1609, 28, 333.3, 'H');
insert into attempt(AthleteId, ChallengeId, Distance, SPM, Time, Weight) values (15, 79, 1609, 27, 341.3, 'H');
insert into attempt(AthleteId, ChallengeId, Distance, SPM, Time, Weight) values (22, 79, 1609, 30, 343.3, 'H');
insert into attempt(AthleteId, ChallengeId, Distance, SPM, Time, Weight) values (33, 79, 1609, 29, 352.7, 'H');
insert into attempt(AthleteId, ChallengeId, Distance, SPM, Time, Weight) values (13, 79, 1609, 29, 354.2, 'H');
insert into attempt(AthleteId, ChallengeId, Distance, SPM, Time, Weight) values (7, 79, 1609, 24, 358.2, 'H');
insert into attempt(AthleteId, ChallengeId, Distance, SPM, Time, Weight) values (2, 79, 1609, 28, 389.4, 'H');
insert into attempt(AthleteId, ChallengeId, Distance, SPM, Time, Weight) values (9, 79, 1609, 28, 399.8, 'H');
insert into challenge(Id, Name, Month, Year, Type, Description, Distance, Time) values (80, '8000 m strapless', 5, 2012, 'D', '8000 m strapless', 8000, NULL);
insert into attempt(AthleteId, ChallengeId, Distance, SPM, Time, Weight) values (18, 80, 8000, 28, 1705.4, 'H');
insert into attempt(AthleteId, ChallengeId, Distance, SPM, Time, Weight) values (4, 80, 8000, 29, 1705.9, 'H');
insert into attempt(AthleteId, ChallengeId, Distance, SPM, Time, Weight) values (6, 80, 8000, 22, 1751.9, 'H');
insert into attempt(AthleteId, ChallengeId, Distance, SPM, Time, Weight) values (15, 80, 8000, 23, 1769.0, 'H');
insert into attempt(AthleteId, ChallengeId, Distance, SPM, Time, Weight) values (7, 80, 8000, 23, 1774.4, 'H');
insert into attempt(AthleteId, ChallengeId, Distance, SPM, Time, Weight) values (1, 80, 8000, 25, 1789.3, 'H');
insert into attempt(AthleteId, ChallengeId, Distance, SPM, Time, Weight) values (20, 80, 8000, 21, 1831.3, 'H');
insert into attempt(AthleteId, ChallengeId, Distance, SPM, Time, Weight) values (22, 80, 8000, 26, 1861.3, 'H');
insert into attempt(AthleteId, ChallengeId, Distance, SPM, Time, Weight) values (13, 80, 8000, 23, 1883.7, 'H');
insert into attempt(AthleteId, ChallengeId, Distance, SPM, Time, Weight) values (33, 80, 8000, 23, 1948.9, 'H');
insert into attempt(AthleteId, ChallengeId, Distance, SPM, Time, Weight) values (2, 80, 8000, 23, 2208.4, 'H');
insert into attempt(AthleteId, ChallengeId, Distance, SPM, Time, Weight) values (9, 80, 8000, 26, 2263.9, 'H');
insert into challenge(Id, Name, Month, Year, Type, Description, Distance, Time) values (81, '4k, 2k, 1k with 3'' rest', 6, 2012, 'D', '4k, 2k, 1k with 3'' rest', 7000, NULL);
insert into attempt(AthleteId, ChallengeId, Distance, SPM, Time, Weight) values (11, 81, 7000, 23, 1412.0, 'H');
insert into attempt(AthleteId, ChallengeId, Distance, SPM, Time, Weight) values (18, 81, 7000, 28, 1461.6, 'H');
insert into attempt(AthleteId, ChallengeId, Distance, SPM, Time, Weight) values (4, 81, 7000, 26, 1461.8, 'H');
insert into attempt(AthleteId, ChallengeId, Distance, SPM, Time, Weight) values (6, 81, 7000, 24, 1465.4, 'H');
insert into attempt(AthleteId, ChallengeId, Distance, SPM, Time, Weight) values (1, 81, 7000, 28, 1512.8, 'H');
insert into attempt(AthleteId, ChallengeId, Distance, SPM, Time, Weight) values (15, 81, 7000, 24, 1570.3, 'H');
insert into attempt(AthleteId, ChallengeId, Distance, SPM, Time, Weight) values (22, 81, 7000, 27, 1571.9, 'H');
insert into attempt(AthleteId, ChallengeId, Distance, SPM, Time, Weight) values (20, 81, 7000, 23, 1604.5, 'H');
insert into attempt(AthleteId, ChallengeId, Distance, SPM, Time, Weight) values (33, 81, 7000, 26, 1634.1, 'H');
insert into attempt(AthleteId, ChallengeId, Distance, SPM, Time, Weight) values (5, 81, 7000, 25, 1659.8, 'H');
insert into attempt(AthleteId, ChallengeId, Distance, SPM, Time, Weight) values (2, 81, 7000, 25, 1827.8, 'H');
insert into attempt(AthleteId, ChallengeId, Distance, SPM, Time, Weight) values (9, 81, 7000, 25, 1878.8, 'H');
insert into challenge(Id, Name, Month, Year, Type, Description, Distance, Time) values (82, '6000 m', 7, 2012, 'D', '6000 m', 6000, NULL);
insert into attempt(AthleteId, ChallengeId, Distance, SPM, Time, Weight) values (18, 82, 6000, 28, 1264.9, 'H');
insert into attempt(AthleteId, ChallengeId, Distance, SPM, Time, Weight) values (11, 82, 6000, 20, 1266.0, 'H');
insert into attempt(AthleteId, ChallengeId, Distance, SPM, Time, Weight) values (4, 82, 6000, 25, 1283.8, 'H');
insert into attempt(AthleteId, ChallengeId, Distance, SPM, Time, Weight) values (15, 82, 6000, 26, 1288.0, 'H');
insert into attempt(AthleteId, ChallengeId, Distance, SPM, Time, Weight) values (7, 82, 6000, 24, 1310.4, 'H');
insert into attempt(AthleteId, ChallengeId, Distance, SPM, Time, Weight) values (1, 82, 6000, 25, 1353.9, 'H');
insert into attempt(AthleteId, ChallengeId, Distance, SPM, Time, Weight) values (20, 82, 6000, 22, 1366.2, 'H');
insert into attempt(AthleteId, ChallengeId, Distance, SPM, Time, Weight) values (33, 82, 6000, 26, 1390.0, 'H');
insert into attempt(AthleteId, ChallengeId, Distance, SPM, Time, Weight) values (13, 82, 6000, 22, 1493.2, 'H');
insert into attempt(AthleteId, ChallengeId, Distance, SPM, Time, Weight) values (2, 82, 6000, 27, 1494.9, 'H');
insert into attempt(AthleteId, ChallengeId, Distance, SPM, Time, Weight) values (5, 82, 6000, 19, 1496.4, 'H');
insert into attempt(AthleteId, ChallengeId, Distance, SPM, Time, Weight) values (9, 82, 6000, 26, 1609.9, 'H');
insert into challenge(Id, Name, Month, Year, Type, Description, Distance, Time) values (83, '100, 200, 400,  800, 1500 (2'' rest)', 8, 2012, 'D', '100, 200, 400,  800, 1500 (2'' rest)', 3000, NULL);
insert into attempt(AthleteId, ChallengeId, Distance, SPM, Time, Weight) values (4, 83, 3000, 30, 600.3, 'H');
insert into attempt(AthleteId, ChallengeId, Distance, SPM, Time, Weight) values (18, 83, 3000, 35, 609.0, 'H');
insert into attempt(AthleteId, ChallengeId, Distance, SPM, Time, Weight) values (20, 83, 3000, 31, 623.4, 'H');
insert into attempt(AthleteId, ChallengeId, Distance, SPM, Time, Weight) values (1, 83, 3000, 27, 639.9, 'H');
insert into attempt(AthleteId, ChallengeId, Distance, SPM, Time, Weight) values (5, 83, 3000, 28, 650.5, 'H');
insert into attempt(AthleteId, ChallengeId, Distance, SPM, Time, Weight) values (7, 83, 3000, 23, 657.6, 'H');
insert into attempt(AthleteId, ChallengeId, Distance, SPM, Time, Weight) values (33, 83, 3000, 30, 659.4, 'H');
insert into attempt(AthleteId, ChallengeId, Distance, SPM, Time, Weight) values (15, 83, 3000, 28, 661.4, 'H');
insert into attempt(AthleteId, ChallengeId, Distance, SPM, Time, Weight) values (2, 83, 3000, 29, 722.9, 'H');
insert into attempt(AthleteId, ChallengeId, Distance, SPM, Time, Weight) values (9, 83, 3000, 31, 753.8, 'H');
insert into challenge(Id, Name, Month, Year, Type, Description, Distance, Time) values (84, '900 m', 9, 2012, 'D', '900 m', 2012, NULL);
insert into attempt(AthleteId, ChallengeId, Distance, SPM, Time, Weight) values (12, 84, 2012, 25, 171.0, 'H');
insert into attempt(AthleteId, ChallengeId, Distance, SPM, Time, Weight) values (18, 84, 2012, 38, 172.0, 'H');
insert into attempt(AthleteId, ChallengeId, Distance, SPM, Time, Weight) values (4, 84, 2012, 33, 172.2, 'H');
insert into attempt(AthleteId, ChallengeId, Distance, SPM, Time, Weight) values (20, 84, 2012, 30, 177.0, 'H');
insert into attempt(AthleteId, ChallengeId, Distance, SPM, Time, Weight) values (15, 84, 2012, 29, 178.7, 'H');
insert into attempt(AthleteId, ChallengeId, Distance, SPM, Time, Weight) values (5, 84, 2012, 31, 179.7, 'H');
insert into attempt(AthleteId, ChallengeId, Distance, SPM, Time, Weight) values (1, 84, 2012, 31, 187.2, 'H');
insert into attempt(AthleteId, ChallengeId, Distance, SPM, Time, Weight) values (22, 84, 2012, 30, 188.0, 'H');
insert into attempt(AthleteId, ChallengeId, Distance, SPM, Time, Weight) values (33, 84, 2012, 29, 194.2, 'H');
insert into attempt(AthleteId, ChallengeId, Distance, SPM, Time, Weight) values (13, 84, 2012, 26, 202.0, 'H');
insert into attempt(AthleteId, ChallengeId, Distance, SPM, Time, Weight) values (2, 84, 2012, 31, 208.6, 'H');
insert into attempt(AthleteId, ChallengeId, Distance, SPM, Time, Weight) values (9, 84, 2012, 30, 221.7, 'H');
insert into challenge(Id, Name, Month, Year, Type, Description, Distance, Time) values (85, '10,000 m', 10, 2012, 'D', '10,000 m', 10000, NULL);
insert into attempt(AthleteId, ChallengeId, Distance, SPM, Time, Weight) values (18, 85, 10000, 28, 2133.5, 'H');
insert into attempt(AthleteId, ChallengeId, Distance, SPM, Time, Weight) values (15, 85, 10000, 24, 2204.8, 'H');
insert into attempt(AthleteId, ChallengeId, Distance, SPM, Time, Weight) values (7, 85, 10000, 22, 2246.3, 'H');
insert into attempt(AthleteId, ChallengeId, Distance, SPM, Time, Weight) values (4, 85, 10000, 24, 2248.6, 'H');
insert into attempt(AthleteId, ChallengeId, Distance, SPM, Time, Weight) values (20, 85, 10000, 21, 2294.4, 'H');
insert into attempt(AthleteId, ChallengeId, Distance, SPM, Time, Weight) values (6, 85, 10000, 22, 2303.5, 'H');
insert into attempt(AthleteId, ChallengeId, Distance, SPM, Time, Weight) values (1, 85, 10000, 19, 2376.8, 'H');
insert into attempt(AthleteId, ChallengeId, Distance, SPM, Time, Weight) values (22, 85, 10000, 19, 2387.5, 'H');
insert into attempt(AthleteId, ChallengeId, Distance, SPM, Time, Weight) values (33, 85, 10000, 23, 2402.8, 'H');
insert into attempt(AthleteId, ChallengeId, Distance, SPM, Time, Weight) values (2, 85, 10000, 25, 2531.6, 'H');
insert into attempt(AthleteId, ChallengeId, Distance, SPM, Time, Weight) values (13, 85, 10000, 21, 2544.8, 'H');
insert into attempt(AthleteId, ChallengeId, Distance, SPM, Time, Weight) values (5, 85, 10000, 22, 2666.2, 'H');
insert into attempt(AthleteId, ChallengeId, Distance, SPM, Time, Weight) values (9, 85, 10000, 27, 2786.2, 'H');
insert into challenge(Id, Name, Month, Year, Type, Description, Distance, Time) values (86, '10  1'', 1'' rest', 11, 2012, 'T', '10  1'', 1'' rest', NULL, 600);
insert into attempt(AthleteId, ChallengeId, Distance, SPM, Time, Weight) values (12, 86, 3259, 28, 600, 'H');
insert into attempt(AthleteId, ChallengeId, Distance, SPM, Time, Weight) values (18, 86, 3199, 38, 600, 'H');
insert into attempt(AthleteId, ChallengeId, Distance, SPM, Time, Weight) values (4, 86, 3155, 35, 600, 'H');
insert into attempt(AthleteId, ChallengeId, Distance, SPM, Time, Weight) values (7, 86, 3108, 31, 600, 'H');
insert into attempt(AthleteId, ChallengeId, Distance, SPM, Time, Weight) values (20, 86, 3087, 29, 600, 'H');
insert into attempt(AthleteId, ChallengeId, Distance, SPM, Time, Weight) values (22, 86, 3042, 32, 600, 'H');
insert into attempt(AthleteId, ChallengeId, Distance, SPM, Time, Weight) values (15, 86, 3038, 30, 600, 'H');
insert into attempt(AthleteId, ChallengeId, Distance, SPM, Time, Weight) values (1, 86, 2967, 30, 600, 'H');
insert into attempt(AthleteId, ChallengeId, Distance, SPM, Time, Weight) values (5, 86, 2885, 29, 600, 'H');
insert into attempt(AthleteId, ChallengeId, Distance, SPM, Time, Weight) values (33, 86, 2868, 32, 600, 'H');
insert into attempt(AthleteId, ChallengeId, Distance, SPM, Time, Weight) values (9, 86, 2536, 29, 600, 'H');
insert into attempt(AthleteId, ChallengeId, Distance, SPM, Time, Weight) values (2, 86, 2247, 22, 600, 'H');
insert into challenge(Id, Name, Month, Year, Type, Description, Distance, Time) values (87, '30 minutes', 12, 2012, 'T', '30 minutes', NULL, 1800);
insert into attempt(AthleteId, ChallengeId, Distance, SPM, Time, Weight) values (18, 87, 8443, 28, 1800, 'H');
insert into attempt(AthleteId, ChallengeId, Distance, SPM, Time, Weight) values (15, 87, 8278, 25, 1800, 'H');
insert into attempt(AthleteId, ChallengeId, Distance, SPM, Time, Weight) values (4, 87, 8171, 24, 1800, 'H');
insert into attempt(AthleteId, ChallengeId, Distance, SPM, Time, Weight) values (7, 87, 8079, 22, 1800, 'H');
insert into attempt(AthleteId, ChallengeId, Distance, SPM, Time, Weight) values (1, 87, 8052, 24, 1800, 'H');
insert into attempt(AthleteId, ChallengeId, Distance, SPM, Time, Weight) values (22, 87, 7880, 26, 1800, 'H');
insert into attempt(AthleteId, ChallengeId, Distance, SPM, Time, Weight) values (20, 87, 7511, 20, 1800, 'H');
insert into attempt(AthleteId, ChallengeId, Distance, SPM, Time, Weight) values (5, 87, 7361, 20, 1800, 'H');
insert into attempt(AthleteId, ChallengeId, Distance, SPM, Time, Weight) values (33, 87, 7199, 23, 1800, 'H');
insert into attempt(AthleteId, ChallengeId, Distance, SPM, Time, Weight) values (2, 87, 6869, 24, 1800, 'H');
insert into attempt(AthleteId, ChallengeId, Distance, SPM, Time, Weight) values (9, 87, 6820, 27, 1800, 'H');
insert into challenge(Id, Name, Month, Year, Type, Description, Distance, Time) values (88, '8  500 m, 2'' rest', 1, 2013, 'D', '8  500 m, 2'' rest', 4000, NULL);
insert into attempt(AthleteId, ChallengeId, Distance, SPM, Time, Weight) values (11, 88, 4000, 33, 733.3, 'H');
insert into attempt(AthleteId, ChallengeId, Distance, SPM, Time, Weight) values (12, 88, 4000, 31, 755.9, 'H');
insert into attempt(AthleteId, ChallengeId, Distance, SPM, Time, Weight) values (4, 88, 4000, 31, 767.9, 'H');
insert into attempt(AthleteId, ChallengeId, Distance, SPM, Time, Weight) values (18, 88, 4000, 37, 771.7, 'H');
insert into attempt(AthleteId, ChallengeId, Distance, SPM, Time, Weight) values (8, 88, 4000, 33, 772.6, 'H');
insert into attempt(AthleteId, ChallengeId, Distance, SPM, Time, Weight) values (15, 88, 4000, 30, 792.1, 'H');
insert into attempt(AthleteId, ChallengeId, Distance, SPM, Time, Weight) values (1, 88, 4000, 30, 802.9, 'H');
insert into attempt(AthleteId, ChallengeId, Distance, SPM, Time, Weight) values (20, 88, 4000, 27, 825.7, 'H');
insert into attempt(AthleteId, ChallengeId, Distance, SPM, Time, Weight) values (5, 88, 4000, 29, 845.0, 'H');
insert into attempt(AthleteId, ChallengeId, Distance, SPM, Time, Weight) values (33, 88, 4000, 28, 878.7, 'H');
insert into attempt(AthleteId, ChallengeId, Distance, SPM, Time, Weight) values (13, 88, 4000, 28, 892.6, 'H');
insert into attempt(AthleteId, ChallengeId, Distance, SPM, Time, Weight) values (2, 88, 4000, 30, 920.3, 'H');
insert into attempt(AthleteId, ChallengeId, Distance, SPM, Time, Weight) values (9, 88, 4000, 30, 980.2, 'H');
insert into challenge(Id, Name, Month, Year, Type, Description, Distance, Time) values (89, '2000 m', 2, 2013, 'D', '2000 m', 2000, NULL);
insert into attempt(AthleteId, ChallengeId, Distance, SPM, Time, Weight) values (46, 89, 2000, 32, 388.1, 'H');
insert into attempt(AthleteId, ChallengeId, Distance, SPM, Time, Weight) values (4, 89, 2000, 32, 393.6, 'H');
insert into attempt(AthleteId, ChallengeId, Distance, SPM, Time, Weight) values (15, 89, 2000, 28, 400.8, 'H');
insert into attempt(AthleteId, ChallengeId, Distance, SPM, Time, Weight) values (1, 89, 2000, 30, 401.3, 'H');
insert into attempt(AthleteId, ChallengeId, Distance, SPM, Time, Weight) values (8, 89, 2000, 30, 407.2, 'H');
insert into attempt(AthleteId, ChallengeId, Distance, SPM, Time, Weight) values (18, 89, 2000, 29, 407.5, 'H');
insert into attempt(AthleteId, ChallengeId, Distance, SPM, Time, Weight) values (20, 89, 2000, 26, 407.6, 'H');
insert into attempt(AthleteId, ChallengeId, Distance, SPM, Time, Weight) values (35, 89, 2000, 33, 409.6, 'H');
insert into attempt(AthleteId, ChallengeId, Distance, SPM, Time, Weight) values (6, 89, 2000, 26, 423.8, 'H');
insert into attempt(AthleteId, ChallengeId, Distance, SPM, Time, Weight) values (22, 89, 2000, 28, 426.0, 'H');
insert into attempt(AthleteId, ChallengeId, Distance, SPM, Time, Weight) values (33, 89, 2000, 29, 435.4, 'H');
insert into attempt(AthleteId, ChallengeId, Distance, SPM, Time, Weight) values (13, 89, 2000, 26, 462.2, 'H');
insert into attempt(AthleteId, ChallengeId, Distance, SPM, Time, Weight) values (5, 89, 2000, 20, 483.0, 'H');
insert into attempt(AthleteId, ChallengeId, Distance, SPM, Time, Weight) values (9, 89, 2000, 31, 495.7, 'H');
insert into attempt(AthleteId, ChallengeId, Distance, SPM, Time, Weight) values (47, 89, 2000, 28, 561.0, 'H');
insert into challenge(Id, Name, Month, Year, Type, Description, Distance, Time) values (90, '1000 m', 3, 2013, 'D', '1000 m', 1000, NULL);
insert into attempt(AthleteId, ChallengeId, Distance, SPM, Time, Weight) values (4, 90, 1000, 37, 188.3, 'H');
insert into attempt(AthleteId, ChallengeId, Distance, SPM, Time, Weight) values (18, 90, 1000, 36, 192.8, 'H');
insert into attempt(AthleteId, ChallengeId, Distance, SPM, Time, Weight) values (15, 90, 1000, 32, 193.4, 'H');
insert into attempt(AthleteId, ChallengeId, Distance, SPM, Time, Weight) values (35, 90, 1000, 37, 195.4, 'H');
insert into attempt(AthleteId, ChallengeId, Distance, SPM, Time, Weight) values (20, 90, 1000, 30, 197.6, 'H');
insert into attempt(AthleteId, ChallengeId, Distance, SPM, Time, Weight) values (1, 90, 1000, 33, 197.8, 'H');
insert into attempt(AthleteId, ChallengeId, Distance, SPM, Time, Weight) values (7, 90, 1000, 32, 199.2, 'H');
insert into attempt(AthleteId, ChallengeId, Distance, SPM, Time, Weight) values (22, 90, 1000, 29, 202.0, 'H');
insert into attempt(AthleteId, ChallengeId, Distance, SPM, Time, Weight) values (5, 90, 1000, 32, 202.3, 'H');
insert into attempt(AthleteId, ChallengeId, Distance, SPM, Time, Weight) values (33, 90, 1000, 30, 214.3, 'H');
insert into attempt(AthleteId, ChallengeId, Distance, SPM, Time, Weight) values (2, 90, 1000, 27, 238.3, 'H');
insert into attempt(AthleteId, ChallengeId, Distance, SPM, Time, Weight) values (9, 90, 1000, 31, 243.6, 'H');
insert into challenge(Id, Name, Month, Year, Type, Description, Distance, Time) values (91, '21,097 m', 4, 2013, 'D', '21,097 m', 21097, NULL);
insert into attempt(AthleteId, ChallengeId, Distance, SPM, Time, Weight) values (18, 91, 21097, 25, 4635.6, 'H');
insert into attempt(AthleteId, ChallengeId, Distance, SPM, Time, Weight) values (15, 91, 21097, 24, 4724.2, 'H');
insert into attempt(AthleteId, ChallengeId, Distance, SPM, Time, Weight) values (4, 91, 21097, 24, 4872.0, 'H');
insert into attempt(AthleteId, ChallengeId, Distance, SPM, Time, Weight) values (20, 91, 21097, 20, 4997.7, 'H');
insert into attempt(AthleteId, ChallengeId, Distance, SPM, Time, Weight) values (33, 91, 21097, 23, 5253.5, 'H');
insert into attempt(AthleteId, ChallengeId, Distance, SPM, Time, Weight) values (32, 91, 21097, 25, 5342.7, 'H');
insert into attempt(AthleteId, ChallengeId, Distance, SPM, Time, Weight) values (13, 91, 21097, 20, 5559.1, 'H');
insert into attempt(AthleteId, ChallengeId, Distance, SPM, Time, Weight) values (9, 91, 21097, 26, 6239.9, 'H');
